features0,features1,features2,uid,qid,keywords,docId,grade
11.657399,1.0,10.083591,1_7555,1,rambo,7555,4
9.456276,1.0,13.265001,1_1370,1,rambo,1370,3
6.036743,1.0,11.113943,1_1369,1,rambo,1369,3
0.0,0.0,6.869545,1_13258,1,rambo,13258,2
0.0,0.0,11.113943,1_1368,1,rambo,1368,4
0.0,0.0,7.8627386,1_31362,1,rambo,31362,1
0.0,0.0,4.563677,1_61410,1,rambo,61410,1
0.0,0.0,0.0,1_319074,1,rambo,319074,0
0.0,0.0,0.0,1_10296,1,rambo,10296,0
0.0,0.0,0.0,1_35868,1,rambo,35868,0
0.0,0.0,0.0,1_131457,1,rambo,131457,0
0.0,0.0,0.0,1_94794,1,rambo,94794,0
0.0,0.0,0.0,1_169869,1,rambo,169869,0
0.0,0.0,0.0,1_34561,1,rambo,34561,0
0.0,0.0,0.0,1_13763,1,rambo,13763,0
0.0,0.0,0.0,1_62414,1,rambo,62414,0
0.0,0.0,0.0,1_21989,1,rambo,21989,0
0.0,0.0,0.0,1_210577,1,rambo,210577,0
0.0,0.0,0.0,1_56949,1,rambo,56949,0
0.0,0.0,0.0,1_79401,1,rambo,79401,0
0.0,0.0,0.0,1_117942,1,rambo,117942,0
0.0,0.0,0.0,1_223195,1,rambo,223195,0
0.0,0.0,0.0,1_70,1,rambo,70,0
0.0,0.0,0.0,1_22777,1,rambo,22777,0
0.0,0.0,0.0,1_43189,1,rambo,43189,0
0.0,0.0,0.0,1_318,1,rambo,318,0
0.0,0.0,0.0,1_39829,1,rambo,39829,0
0.0,0.0,0.0,1_208982,1,rambo,208982,1
0.0,0.0,0.0,1_250761,1,rambo,250761,1
0.0,0.0,0.0,1_801,1,rambo,801,1
0.0,0.0,0.0,1_78999,1,rambo,78999,1
0.0,0.0,0.0,1_600,1,rambo,600,1
0.0,0.0,0.0,1_26397,1,rambo,26397,0
0.0,0.0,0.0,1_45046,1,rambo,45046,0
0.0,0.0,0.0,1_271110,1,rambo,271110,0
0.0,0.0,0.0,1_59401,1,rambo,59401,0
0.0,0.0,0.0,1_79773,1,rambo,79773,0
0.0,0.0,0.0,1_321,1,rambo,321,0
0.0,0.0,0.0,1_11553,1,rambo,11553,0
0.0,0.0,0.0,1_32221,1,rambo,32221,0
0.0,0.0,0.0,1_40082,1,rambo,40082,0
10.00459,1.0,8.694555,2_1366,2,rocky,1366,4
8.115546,1.0,9.808358,2_1374,2,rocky,1374,3
8.115546,1.0,5.557296,2_1371,2,rocky,1371,3
8.115546,1.0,9.540649,2_1246,2,rocky,1246,3
8.115546,1.0,9.472043,2_1375,2,rocky,1375,3
8.115546,1.0,8.262948,2_1367,2,rocky,1367,3
8.115546,1.0,7.819334,2_60375,2,rocky,60375,3
5.8909245,1.0,0.0,2_110123,2,rocky,110123,1
5.8909245,1.0,5.777752,2_36685,2,rocky,36685,1
6.8265696,1.0,8.381828,2_17711,2,rocky,17711,1
0.0,0.0,0.0,2_2153,2,rocky,2153,0
0.0,0.0,0.0,2_339403,2,rocky,339403,0
0.0,0.0,0.0,2_21501,2,rocky,21501,0
0.0,0.0,0.0,2_81182,2,rocky,81182,0
0.0,0.0,0.0,2_62414,2,rocky,62414,0
0.0,0.0,0.0,2_21989,2,rocky,21989,0
0.0,0.0,0.0,2_11,2,rocky,11,0
0.0,0.0,0.0,2_12180,2,rocky,12180,0
0.0,0.0,0.0,2_140607,2,rocky,140607,0
0.0,0.0,0.0,2_1893,2,rocky,1893,0
0.0,0.0,0.0,2_330459,2,rocky,330459,0
0.0,0.0,0.0,2_152601,2,rocky,152601,0
0.0,0.0,0.0,2_17819,2,rocky,17819,0
0.0,0.0,0.0,2_198001,2,rocky,198001,0
0.0,0.0,0.0,2_170430,2,rocky,170430,0
0.0,0.0,0.0,2_18206,2,rocky,18206,0
0.0,0.0,0.0,2_47059,2,rocky,47059,1
0.0,0.0,0.0,2_18215,2,rocky,18215,0
0.0,0.0,0.0,2_70808,2,rocky,70808,1
0.0,0.0,0.0,2_351862,2,rocky,351862,1
0.0,0.0,0.0,2_154019,2,rocky,154019,1
0.0,0.0,0.0,2_70,2,rocky,70,1
0.0,0.0,0.0,2_22777,2,rocky,22777,0
0.0,0.0,0.0,2_43189,2,rocky,43189,0
0.0,0.0,0.0,2_318,2,rocky,318,0
0.0,0.0,0.0,2_39829,2,rocky,39829,0
0.0,0.0,0.0,2_1578,2,rocky,1578,1
0.0,0.0,0.0,2_25855,2,rocky,25855,0
0.0,0.0,0.0,2_42012,2,rocky,42012,1
0.0,0.0,0.0,2_32276,2,rocky,32276,0
0.0,0.0,0.0,2_105536,2,rocky,105536,0
8.395574,1.0,4.1198707,3_14154,3,war games,14154,3
2.822857,0.0,3.9629867,3_365371,3,war games,365371,0
0.0,0.0,3.5915227,3_116059,3,war games,116059,0
0.0,0.0,3.4955344,3_335988,3,war games,335988,0
5.487882,0.0,4.4331245,3_354287,3,war games,354287,0
0.0,0.0,0.0,3_390054,3,war games,390054,0
4.616252,0.0,2.8177607,3_346672,3,war games,346672,0
0.0,0.0,3.404544,3_369885,3,war games,369885,0
0.0,0.0,3.1965258,3_293767,3,war games,293767,0
0.0,0.0,2.4952173,3_381288,3,war games,381288,0
0.0,0.0,6.025596,3_860,3,war games,860,4
0.0,0.0,0.0,3_9614,3,war games,9614,0
0.0,0.0,0.0,3_125842,3,war games,125842,0
0.0,0.0,0.0,3_427760,3,war games,427760,0
0.0,0.0,0.0,3_4247,3,war games,4247,0
0.0,0.0,0.0,3_30335,3,war games,30335,0
0.0,0.0,0.0,3_10207,3,war games,10207,0
0.0,0.0,0.0,3_24964,3,war games,24964,0
0.0,0.0,0.0,3_91893,3,war games,91893,0
0.0,0.0,0.0,3_10951,3,war games,10951,0
0.0,0.0,0.0,3_126148,3,war games,126148,0
0.0,0.0,0.0,3_10428,3,war games,10428,1
0.0,0.0,0.0,3_12699,3,war games,12699,1
0.0,0.0,0.0,3_136698,3,war games,136698,0
0.0,0.0,0.0,3_1557,3,war games,1557,1
0.0,0.0,0.0,3_19433,3,war games,19433,1
6.7652884,0.0,0.0,3_10431,3,war games,10431,0
0.0,0.0,0.0,3_222461,3,war games,222461,0
6.7652884,0.0,3.404544,3_19855,3,war games,19855,0
6.7652884,0.0,3.7722988,3_208988,3,war games,208988,0
5.912464,0.0,3.8183646,3_12180,3,war games,12180,0
5.912464,0.0,0.0,3_10253,3,war games,10253,0
5.487882,0.0,0.0,3_11,3,war games,11,0
11.566039,1.0,7.2067547,3_26508,3,war games,26508,0
7.4929605,0.0,3.7447038,3_2649,3,war games,2649,0
0.0,0.0,0.0,3_6917,3,war games,6917,0
0.0,0.0,0.0,3_20158,3,war games,20158,0
7.4929605,0.0,0.0,3_76875,3,war games,76875,0
3.5033813,0.0,1.8313766,3_144910,3,war games,144910,0
17.490765,1.0,19.400768,4_9671,4,crocodile dundee,9671,4
14.71274,1.0,0.0,4_9396,4,crocodile dundee,9396,4
12.696223,1.0,14.264158,4_9290,4,crocodile dundee,9290,3
6.0242224,0.0,4.178261,4_248390,4,crocodile dundee,248390,1
0.0,0.0,9.251946,4_221737,4,crocodile dundee,221737,1
0.0,0.0,6.8535147,4_13022,4,crocodile dundee,13022,0
0.0,0.0,8.751426,4_10539,4,crocodile dundee,10539,0
6.0242224,0.0,8.920322,4_17043,4,crocodile dundee,17043,1
8.299182,0.0,8.418388,4_78402,4,crocodile dundee,78402,1
10.23097,0.0,9.68741,4_25652,4,crocodile dundee,25652,1
0.0,0.0,0.0,4_36068,4,crocodile dundee,36068,0
0.0,0.0,0.0,4_77680,4,crocodile dundee,77680,0
0.0,0.0,0.0,4_6972,4,crocodile dundee,6972,1
0.0,0.0,0.0,4_182848,4,crocodile dundee,182848,1
0.0,0.0,0.0,4_259311,4,crocodile dundee,259311,1
0.0,0.0,0.0,4_293028,4,crocodile dundee,293028,0
0.0,0.0,0.0,4_64586,4,crocodile dundee,64586,0
10.23097,0.0,6.7148266,4_40466,4,crocodile dundee,40466,1
0.0,0.0,0.0,4_104221,4,crocodile dundee,104221,0
0.0,0.0,0.0,4_183894,4,crocodile dundee,183894,0
0.0,0.0,0.0,4_3573,4,crocodile dundee,3573,0
0.0,0.0,0.0,4_12254,4,crocodile dundee,12254,0
0.0,0.0,0.0,4_17813,4,crocodile dundee,17813,0
0.0,0.0,0.0,4_9835,4,crocodile dundee,9835,0
0.0,0.0,0.0,4_70490,4,crocodile dundee,70490,0
0.0,0.0,0.0,4_239877,4,crocodile dundee,239877,0
0.0,0.0,0.0,4_8995,4,crocodile dundee,8995,0
0.0,0.0,0.0,4_47964,4,crocodile dundee,47964,0
11.657399,1.0,10.040129,5_603,5,matrix,603,4
9.456276,1.0,9.392262,5_604,5,matrix,604,3
9.456276,1.0,0.0,5_605,5,matrix,605,3
0.0,0.0,10.798681,5_55931,5,matrix,55931,2
0.0,0.0,9.65805,5_1857,5,matrix,1857,0
0.0,0.0,11.466951,5_10999,5,matrix,10999,0
0.0,0.0,8.114125,5_4247,5,matrix,4247,0
0.0,0.0,7.8627386,5_21874,5,matrix,21874,0
0.0,0.0,0.0,5_181886,5,matrix,181886,0
0.0,0.0,0.0,5_21208,5,matrix,21208,0
0.0,0.0,0.0,5_125607,5,matrix,125607,0
0.0,0.0,0.0,5_56441,5,matrix,56441,0
0.0,0.0,0.0,5_124080,5,matrix,124080,0
0.0,0.0,0.0,5_1487,5,matrix,1487,0
0.0,0.0,0.0,5_72867,5,matrix,72867,0
0.0,0.0,0.0,5_11253,5,matrix,11253,0
0.0,0.0,0.0,5_213110,5,matrix,213110,0
0.0,0.0,0.0,5_13805,5,matrix,13805,0
0.0,0.0,0.0,5_104221,5,matrix,104221,0
0.0,0.0,0.0,5_183894,5,matrix,183894,0
0.0,0.0,0.0,5_3573,5,matrix,3573,0
0.0,0.0,0.0,5_12254,5,matrix,12254,0
0.0,0.0,0.0,5_17813,5,matrix,17813,0
0.0,0.0,0.0,5_73262,5,matrix,73262,1
0.0,0.0,0.0,5_17960,5,matrix,17960,0
0.0,0.0,0.0,5_33068,5,matrix,33068,0
0.0,0.0,0.0,5_28377,5,matrix,28377,0
0.0,0.0,0.0,5_13300,5,matrix,13300,0
0.0,0.0,0.0,5_680,5,matrix,680,0
0.0,0.0,0.0,5_28131,5,matrix,28131,0
0.0,0.0,0.0,5_37988,5,matrix,37988,0
0.0,0.0,0.0,5_18451,5,matrix,18451,0
0.0,0.0,0.0,5_75404,5,matrix,75404,0
10.667843,1.0,5.6516914,6_686,6,contact,686,4
8.653565,1.0,0.0,6_7011,6,contact,7011,1
8.653565,1.0,0.0,6_20236,6,contact,20236,1
8.653565,1.0,0.0,6_31337,6,contact,31337,1
6.2814627,1.0,0.0,6_199,6,contact,199,1
6.2814627,1.0,0.0,6_21136,6,contact,21136,1
4.930046,1.0,0.0,6_109572,6,contact,109572,1
0.0,0.0,6.5828695,6_68730,6,contact,68730,1
0.0,0.0,7.6095815,6_340676,6,contact,340676,1
0.0,0.0,4.9513054,6_364433,6,contact,364433,1
0.0,0.0,0.0,6_289318,6,contact,289318,1
0.0,0.0,0.0,6_15990,6,contact,15990,1
0.0,0.0,0.0,6_775,6,contact,775,1
0.0,0.0,0.0,6_22379,6,contact,22379,1
0.0,0.0,0.0,6_101609,6,contact,101609,0
0.0,0.0,0.0,6_2153,6,contact,2153,0
0.0,0.0,0.0,6_339403,6,contact,339403,0
0.0,0.0,0.0,6_103,6,contact,103,0
0.0,0.0,0.0,6_9677,6,contact,9677,0
0.0,0.0,0.0,6_38187,6,contact,38187,0
0.0,0.0,0.0,6_157336,6,contact,157336,1
0.0,0.0,0.0,6_11504,6,contact,11504,0
0.0,0.0,0.0,6_37910,6,contact,37910,0
0.0,0.0,0.0,6_2164,6,contact,2164,1
0.0,0.0,0.0,6_26978,6,contact,26978,1
0.0,0.0,0.0,6_61591,6,contact,61591,1
0.0,0.0,0.0,6_20305,6,contact,20305,0
0.0,0.0,0.0,6_98355,6,contact,98355,1
0.0,0.0,0.0,6_16203,6,contact,16203,1
0.0,0.0,0.0,6_8652,6,contact,8652,0
0.0,0.0,5.3371243,6_15142,6,contact,15142,0
0.0,0.0,0.0,6_120271,6,contact,120271,0
0.0,0.0,0.0,6_13926,6,contact,13926,0
0.0,0.0,0.0,6_47500,6,contact,47500,0
0.0,0.0,0.0,6_97397,6,contact,97397,0
0.0,0.0,0.0,6_696,6,contact,696,0
0.0,0.0,0.0,6_16988,6,contact,16988,0
0.0,0.0,0.0,6_24810,6,contact,24810,0
0.0,0.0,0.0,6_61415,6,contact,61415,0
14.993982,1.0,0.0,7_2300,7,space jam,2300,4
0.0,0.0,5.605826,7_395992,7,space jam,395992,0
5.444269,0.0,0.0,7_365942,7,space jam,365942,0
0.0,0.0,5.905471,7_188927,7,space jam,188927,0
0.0,0.0,4.38273,7_279096,7,space jam,279096,0
0.0,0.0,6.5464306,7_332502,7,space jam,332502,0
0.0,0.0,5.20934,7_158852,7,space jam,158852,0
0.0,0.0,5.467124,7_301728,7,space jam,301728,0
0.0,0.0,0.0,7_243938,7,space jam,243938,0
0.0,0.0,5.7517486,7_157336,7,space jam,157336,0
0.0,0.0,0.0,7_36373,7,space jam,36373,0
0.0,0.0,0.0,7_7555,7,space jam,7555,0
0.0,0.0,0.0,7_1370,7,space jam,1370,0
0.0,0.0,0.0,7_1369,7,space jam,1369,0
0.0,0.0,0.0,7_1368,7,space jam,1368,0
0.0,0.0,0.0,7_288183,7,space jam,288183,0
0.0,0.0,0.0,7_10474,7,space jam,10474,1
0.0,0.0,0.0,7_105583,7,space jam,105583,0
0.0,0.0,0.0,7_267345,7,space jam,267345,0
0.0,0.0,0.0,7_93856,7,space jam,93856,0
0.0,0.0,0.0,7_12435,7,space jam,12435,0
0.0,0.0,0.0,7_14736,7,space jam,14736,1
0.0,0.0,0.0,7_20737,7,space jam,20737,1
0.0,0.0,0.0,7_267,7,space jam,267,0
0.0,0.0,0.0,7_46094,7,space jam,46094,1
0.0,0.0,0.0,7_10575,7,space jam,10575,0
0.0,0.0,0.0,7_213985,7,space jam,213985,0
0.0,0.0,0.0,7_162442,7,space jam,162442,0
0.0,0.0,0.0,7_76155,7,space jam,76155,0
0.0,0.0,0.0,7_49001,7,space jam,49001,0
0.0,0.0,0.0,7_245950,7,space jam,245950,0
0.0,0.0,0.0,7_272165,7,space jam,272165,0
0.0,0.0,0.0,7_66118,7,space jam,66118,0
0.0,0.0,0.0,7_73351,7,space jam,73351,0
0.0,0.0,0.0,7_136741,7,space jam,136741,0
0.0,0.0,0.0,8_51999,8,battlestar galactica,51999,0
0.0,0.0,0.0,8_24128,8,battlestar galactica,24128,0
0.0,0.0,0.0,8_61120,8,battlestar galactica,61120,0
0.0,0.0,0.0,8_4584,8,battlestar galactica,4584,0
0.0,0.0,0.0,8_315010,8,battlestar galactica,315010,0
18.912552,1.0,0.0,8_325553,8,battlestar galactica,325553,4
15.908707,1.0,31.961138,8_69315,8,battlestar galactica,69315,3
15.908707,1.0,10.6802635,8_105077,8,battlestar galactica,105077,3
0.0,0.0,0.0,8_11,8,battlestar galactica,11,1
0.0,0.0,0.0,8_12180,8,battlestar galactica,12180,1
0.0,0.0,0.0,8_140607,8,battlestar galactica,140607,1
0.0,0.0,0.0,8_1893,8,battlestar galactica,1893,1
0.0,0.0,0.0,8_330459,8,battlestar galactica,330459,1
0.0,0.0,0.0,8_9876,8,battlestar galactica,9876,0
0.0,0.0,0.0,8_34614,8,battlestar galactica,34614,0
0.0,0.0,0.0,8_74208,8,battlestar galactica,74208,0
0.0,0.0,0.0,8_16384,8,battlestar galactica,16384,0
0.0,0.0,0.0,8_1918,8,battlestar galactica,1918,0
0.0,0.0,0.0,8_34582,8,battlestar galactica,34582,0
0.0,0.0,0.0,8_31546,8,battlestar galactica,31546,0
0.0,0.0,0.0,8_99258,8,battlestar galactica,99258,0
0.0,0.0,0.0,8_44375,8,battlestar galactica,44375,0
0.0,0.0,0.0,8_195617,8,battlestar galactica,195617,0
0.0,0.0,0.0,8_143841,8,battlestar galactica,143841,0
0.0,0.0,0.0,8_247112,8,battlestar galactica,247112,0
0.0,0.0,0.0,8_13371,8,battlestar galactica,13371,0
0.0,0.0,0.0,8_77887,8,battlestar galactica,77887,0
0.0,0.0,0.0,8_82424,8,battlestar galactica,82424,0
0.0,0.0,0.0,8_18238,8,battlestar galactica,18238,0
0.0,0.0,0.0,8_105538,8,battlestar galactica,105538,0
0.0,0.0,0.0,8_99648,8,battlestar galactica,99648,0
0.0,0.0,0.0,8_44479,8,battlestar galactica,44479,0
0.0,0.0,0.0,8_138535,8,battlestar galactica,138535,0
0.0,0.0,0.0,8_8068,8,battlestar galactica,8068,0
0.0,0.0,0.0,8_7085,8,battlestar galactica,7085,0
0.0,0.0,0.0,8_43212,8,battlestar galactica,43212,0
0.0,0.0,0.0,8_54186,8,battlestar galactica,54186,0
0.0,0.0,0.0,8_50479,8,battlestar galactica,50479,0
8.217686,1.0,0.0,9_152601,9,her,152601,4
6.6660414,1.0,1.5633532,9_17819,9,her,17819,0
4.8387566,1.0,2.5741892,9_198001,9,her,198001,0
5.6072865,1.0,2.3075628,9_170430,9,her,170430,0
6.6660414,1.0,2.2486978,9_18206,9,her,18206,0
5.6072865,1.0,1.9143047,9_96769,9,her,96769,0
5.6072865,1.0,2.7141113,9_86457,9,her,86457,0
5.6072865,1.0,1.4633869,9_130750,9,her,130750,0
5.6072865,1.0,1.6642886,9_59527,9,her,59527,0
5.6072865,1.0,2.5715628,9_5143,9,her,5143,0
5.6072865,1.0,1.6987373,9_1919,9,her,1919,0
4.8387566,1.0,1.5285474,9_23967,9,her,23967,0
5.6072865,1.0,1.7490866,9_53156,9,her,53156,0
5.6072865,1.0,0.864517,9_79887,9,her,79887,0
6.6660414,1.0,2.2755713,9_11931,9,her,11931,0
4.8387566,1.0,1.7056342,9_45241,9,her,45241,0
6.6660414,1.0,1.4633869,9_14556,9,her,14556,0
5.6072865,1.0,0.0,9_9374,9,her,9374,0
6.6660414,1.0,0.0,9_66113,9,her,66113,0
5.6072865,1.0,0.0,9_265966,9,her,265966,0
0.0,0.0,2.6094668,9_4032,9,her,4032,1
0.0,0.0,2.6094668,9_11317,9,her,11317,1
0.0,0.0,1.3098351,9_73969,9,her,73969,0
0.0,0.0,0.0,9_14279,9,her,14279,0
0.0,0.0,0.0,9_54198,9,her,54198,0
0.0,0.0,2.3535788,9_47607,9,her,47607,0
0.0,0.0,2.1773825,9_28687,9,her,28687,0
0.0,0.0,0.0,9_42757,9,her,42757,0
0.0,0.0,0.0,9_11446,9,her,11446,1
0.0,0.0,0.0,9_2026,9,her,2026,0
0.0,0.0,2.0191426,9_12223,9,her,12223,2
0.0,0.0,0.0,9_9890,9,her,9890,2
0.0,0.0,1.4952574,9_288772,9,her,288772,0
0.0,0.0,1.0495355,9_200236,9,her,200236,1
0.0,0.0,0.0,9_60140,9,her,60140,1
9.362281,1.0,4.581155,10_115782,10,jobs,115782,4
7.5945168,1.0,3.9499266,10_321697,10,jobs,321697,3
5.512719,1.0,4.648691,10_89638,10,jobs,89638,3
0.0,0.0,4.396101,10_127929,10,jobs,127929,0
0.0,0.0,3.76146,10_47099,10,jobs,47099,0
0.0,0.0,0.0,10_16406,10,jobs,16406,0
0.0,0.0,2.9516559,10_15302,10,jobs,15302,0
0.0,0.0,4.4724426,10_41588,10,jobs,41588,0
0.0,0.0,0.0,10_281289,10,jobs,281289,0
0.0,0.0,3.0664701,10_14773,10,jobs,14773,0
0.0,0.0,5.183614,10_55069,10,jobs,55069,0
0.0,0.0,4.741437,10_21629,10,jobs,21629,0
0.0,0.0,0.0,10_3293,10,jobs,3293,0
0.0,0.0,5.270249,10_186606,10,jobs,186606,3
0.0,0.0,3.127293,10_213938,10,jobs,213938,0
0.0,0.0,4.3295565,10_54559,10,jobs,54559,0
0.0,0.0,5.0448604,10_13119,10,jobs,13119,0
0.0,0.0,4.9266324,10_27223,10,jobs,27223,0
0.0,0.0,4.270917,10_133469,10,jobs,133469,0
0.0,0.0,3.5102293,10_1774,10,jobs,1774,0
0.0,0.0,0.0,10_243935,10,jobs,243935,0
9.362281,1.0,4.4724426,10_190754,10,jobs,190754,0
7.5945168,1.0,4.947939,10_10536,10,jobs,10536,0
7.5945168,1.0,0.0,10_9654,10,jobs,9654,0
7.5945168,1.0,0.0,10_8848,10,jobs,8848,0
7.5945168,1.0,3.127293,10_186759,10,jobs,186759,0
0.0,0.0,0.0,10_242621,10,jobs,242621,0
0.0,0.0,0.0,10_9263,10,jobs,9263,0
0.0,0.0,0.0,10_145762,10,jobs,145762,0
0.0,0.0,0.0,10_25728,10,jobs,25728,0
0.0,0.0,0.0,10_64945,10,jobs,64945,0
18.464226,1.0,8.602642,11_37799,11,social network,37799,4
0.0,0.0,13.558759,11_267752,11,social network,267752,0
0.0,0.0,9.846405,11_18467,11,social network,18467,0
0.0,0.0,9.647152,11_78294,11,social network,78294,0
12.094273,0.0,7.93034,11_10774,11,social network,10774,0
0.0,0.0,6.052455,11_49980,11,social network,49980,0
0.0,0.0,9.455802,11_38408,11,social network,38408,0
0.0,0.0,10.096756,11_39002,11,social network,39002,0
0.0,0.0,8.086214,11_59387,11,social network,59387,0
7.2791357,0.0,6.4868593,11_28303,11,social network,28303,0
8.653565,0.0,0.0,11_32547,11,social network,32547,0
7.2791357,0.0,0.0,11_268735,11,social network,268735,0
0.0,0.0,6.573363,11_328069,11,social network,328069,0
0.0,0.0,0.0,11_16988,11,social network,16988,0
0.0,0.0,7.968178,11_24664,11,social network,24664,0
0.0,0.0,7.7064223,11_25218,11,social network,25218,0
0.0,0.0,4.753585,11_23451,11,social network,23451,0
0.0,0.0,0.0,11_39750,11,social network,39750,0
6.2814627,0.0,0.0,11_11779,11,social network,11779,0
4.930046,0.0,0.0,11_33358,11,social network,33358,0
0.0,0.0,0.0,11_13856,11,social network,13856,0
0.0,0.0,0.0,11_29015,11,social network,29015,0
0.0,0.0,0.0,11_42689,11,social network,42689,0
0.0,0.0,0.0,11_24772,11,social network,24772,0
0.0,0.0,0.0,11_24432,11,social network,24432,0
0.0,0.0,0.0,11_35250,11,social network,35250,0
0.0,0.0,0.0,11_11235,11,social network,11235,0
0.0,0.0,0.0,11_148503,11,social network,148503,0
11.207376,1.0,5.777752,12_36685,12,rocky horror,36685,4
8.115546,0.0,9.808358,12_1374,12,rocky horror,1374,0
8.115546,0.0,9.540649,12_1246,12,rocky horror,1246,0
8.115546,0.0,5.557296,12_1371,12,rocky horror,1371,0
8.115546,0.0,9.472043,12_1375,12,rocky horror,1375,0
8.115546,0.0,8.262948,12_1367,12,rocky horror,1367,0
5.8909245,0.0,7.5825286,12_81830,12,rocky horror,81830,0
8.115546,0.0,7.819334,12_60375,12,rocky horror,60375,0
5.8909245,0.0,0.0,12_110123,12,rocky horror,110123,0
0.0,0.0,6.275657,12_33475,12,rocky horror,33475,0
10.00459,0.0,8.694555,12_1366,12,rocky horror,1366,0
0.0,0.0,9.4376135,12_13696,12,rocky horror,13696,0
6.8265696,0.0,8.381828,12_17711,12,rocky horror,17711,0
0.0,0.0,8.566706,12_7443,12,rocky horror,7443,0
0.0,0.0,0.0,12_300669,12,rocky horror,300669,0
0.0,0.0,0.0,12_14228,12,rocky horror,14228,0
0.0,0.0,6.2087765,12_791,12,rocky horror,791,0
0.0,0.0,0.0,12_27997,12,rocky horror,27997,0
0.0,0.0,0.0,12_16139,12,rocky horror,16139,0
0.0,0.0,7.3901587,12_49445,12,rocky horror,49445,0
0.0,0.0,0.0,12_9802,12,rocky horror,9802,0
0.0,0.0,0.0,12_37060,12,rocky horror,37060,0
5.316451,0.0,0.0,12_26811,12,rocky horror,26811,0
0.0,0.0,0.0,12_62764,12,rocky horror,62764,0
7.324131,0.0,0.0,12_11449,12,rocky horror,11449,0
0.0,0.0,0.0,12_18947,12,rocky horror,18947,0
0.0,0.0,0.0,12_1584,12,rocky horror,1584,0
0.0,0.0,0.0,12_13655,12,rocky horror,13655,0
7.324131,0.0,0.0,12_10065,12,rocky horror,10065,0
7.324131,0.0,5.429046,12_15423,12,rocky horror,15423,0
7.324131,0.0,0.0,12_65891,12,rocky horror,65891,0
7.324131,0.0,0.0,12_27405,12,rocky horror,27405,0
7.324131,0.0,5.429046,12_28036,12,rocky horror,28036,0
7.324131,0.0,0.0,12_28067,12,rocky horror,28067,0
18.383167,1.0,8.561853,13_278,13,shawshank redemption,278,4
6.7583857,0.0,7.257064,13_214857,13,shawshank redemption,214857,0
5.129096,0.0,5.4504066,13_31781,13,shawshank redemption,31781,0
5.129096,0.0,3.9585724,13_295958,13,shawshank redemption,295958,0
5.8320866,0.0,0.0,13_81657,13,shawshank redemption,81657,0
8.034489,0.0,0.0,13_198130,13,shawshank redemption,198130,0
8.034489,0.0,0.0,13_46016,13,shawshank redemption,46016,0
0.0,0.0,6.7158866,13_241287,13,shawshank redemption,241287,0
0.0,0.0,7.4435725,13_126056,13,shawshank redemption,126056,0
5.129096,0.0,4.333104,13_78049,13,shawshank redemption,78049,0
8.034489,0.0,0.0,13_13989,13,shawshank redemption,13989,0
9.904665,0.0,0.0,13_136418,13,shawshank redemption,136418,0
0.0,0.0,9.891952,13_38124,13,shawshank redemption,38124,0
6.7583857,0.0,0.0,13_38234,13,shawshank redemption,38234,0
6.7583857,0.0,0.0,13_135714,13,shawshank redemption,135714,0
8.034489,0.0,0.0,13_220820,13,shawshank redemption,220820,0
0.0,0.0,7.3441024,13_75576,13,shawshank redemption,75576,0
0.0,0.0,5.79525,13_288162,13,shawshank redemption,288162,0
0.0,0.0,6.0504546,13_166901,13,shawshank redemption,166901,0
0.0,0.0,5.2424407,13_48199,13,shawshank redemption,48199,0
0.0,0.0,0.0,13_23020,13,shawshank redemption,23020,0
0.0,0.0,0.0,13_48214,13,shawshank redemption,48214,0
0.0,0.0,0.0,13_18943,13,shawshank redemption,18943,0
0.0,0.0,0.0,13_15670,13,shawshank redemption,15670,0
0.0,0.0,0.0,13_94214,13,shawshank redemption,94214,0
0.0,0.0,0.0,13_43888,13,shawshank redemption,43888,0
0.0,0.0,0.0,13_39514,13,shawshank redemption,39514,0
0.0,0.0,0.0,13_18254,13,shawshank redemption,18254,0
0.0,0.0,6.3291726,13_13200,13,shawshank redemption,13200,0
0.0,0.0,0.0,13_20126,13,shawshank redemption,20126,0
0.0,0.0,0.0,13_15265,13,shawshank redemption,15265,0
16.344875,1.0,5.1119223,14_1051,14,french connection,1051,4
13.748849,1.0,0.0,14_10711,14,french connection,10711,3
10.505332,0.0,7.2208085,14_197950,14,french connection,197950,0
4.8549433,0.0,0.0,14_288953,14,french connection,288953,0
0.0,0.0,6.398988,14_44379,14,french connection,44379,0
8.521739,0.0,0.0,14_59558,14,french connection,59558,0
0.0,0.0,8.43909,14_27067,14,french connection,27067,0
0.0,0.0,10.416157,14_24166,14,french connection,24166,0
5.4401493,0.0,0.0,14_19086,14,french connection,19086,0
0.0,0.0,7.0354633,14_288290,14,french connection,288290,0
0.0,0.0,0.0,14_2011,14,french connection,2011,0
0.0,0.0,12.344101,14_266040,14,french connection,266040,0
0.0,0.0,5.9355173,14_33996,14,french connection,33996,0
0.0,0.0,5.796705,14_223519,14,french connection,223519,0
0.0,0.0,5.2947183,14_236661,14,french connection,236661,0
0.0,0.0,0.0,14_30238,14,french connection,30238,0
0.0,0.0,6.5838127,14_36095,14,french connection,36095,0
8.521739,0.0,0.0,14_61462,14,french connection,61462,0
0.0,0.0,6.0422134,14_15053,14,french connection,15053,0
7.8231363,0.0,0.0,14_37845,14,french connection,37845,0
10.505332,0.0,0.0,14_367647,14,french connection,367647,0
0.0,0.0,3.2712507,14_25205,14,french connection,25205,0
0.0,0.0,0.0,14_83403,14,french connection,83403,0
0.0,0.0,0.0,14_12724,14,french connection,12724,0
0.0,0.0,0.0,14_4169,14,french connection,4169,0
0.0,0.0,0.0,14_4266,14,french connection,4266,0
7.8231363,0.0,3.767126,14_397,14,french connection,397,0
7.8231363,0.0,0.0,14_273169,14,french connection,273169,0
7.8231363,0.0,0.0,14_18896,14,french connection,18896,0
0.0,0.0,0.0,14_145902,14,french connection,145902,0
0.0,0.0,15.943499,15_278604,15,star wars new hope,278604,2
0.0,0.0,16.025871,15_278468,15,star wars new hope,278468,2
10.194733,0.0,6.8944135,15_12180,15,star wars new hope,12180,2
0.0,0.0,5.986949,15_20787,15,star wars new hope,20787,2
6.487482,0.0,9.37687,15_76180,15,star wars new hope,76180,2
6.487482,0.0,6.3395715,15_1895,15,star wars new hope,1895,3
6.487482,0.0,3.1704464,15_1894,15,star wars new hope,1894,3
11.387287,0.0,0.0,15_11,15,star wars new hope,11,4
7.2694716,0.0,12.119155,15_330459,15,star wars new hope,330459,3
0.0,0.0,4.6445117,15_101609,15,star wars new hope,101609,1
0.0,0.0,6.868508,15_81899,15,star wars new hope,81899,1
5.487882,0.0,4.937641,15_29587,15,star wars new hope,29587,0
0.0,0.0,6.403599,15_11008,15,star wars new hope,11008,0
8.2658205,0.0,2.6297886,15_140607,15,star wars new hope,140607,3
6.487482,0.0,0.0,15_1893,15,star wars new hope,1893,3
0.0,0.0,7.909557,15_25872,15,star wars new hope,25872,0
5.487882,0.0,2.646699,15_19837,15,star wars new hope,19837,0
3.5033813,0.0,2.8798037,15_18046,15,star wars new hope,18046,0
5.487882,0.0,0.0,15_10521,15,star wars new hope,10521,0
0.0,0.0,8.614801,15_5717,15,star wars new hope,5717,0
4.7552614,0.0,2.2153354,15_86814,15,star wars new hope,86814,0
5.487882,0.0,4.2877903,15_149362,15,star wars new hope,149362,0
5.487882,0.0,2.7013638,15_59232,15,star wars new hope,59232,0
0.0,0.0,0.0,15_91795,15,star wars new hope,91795,0
8.087061,0.0,3.4955344,15_17359,15,star wars new hope,17359,0
0.0,0.0,0.0,15_24499,15,star wars new hope,24499,0
0.0,0.0,0.0,15_171771,15,star wars new hope,171771,0
0.0,0.0,3.5216765,15_12771,15,star wars new hope,12771,0
0.0,0.0,0.0,15_34479,15,star wars new hope,34479,0
6.0905066,0.0,0.0,15_12637,15,star wars new hope,12637,0
5.8994045,0.0,3.283813,15_22599,15,star wars new hope,22599,0
5.8994045,0.0,3.0238461,15_44087,15,star wars new hope,44087,0
5.8994045,0.0,2.4963524,15_129628,15,star wars new hope,129628,0
0.0,0.0,0.0,15_293820,15,star wars new hope,293820,0
0.0,0.0,0.0,15_222461,15,star wars new hope,222461,0
13.590221,1.0,19.702314,16_324849,16,lego batman,324849,4
8.310474,1.0,8.509384,16_177271,16,lego batman,177271,3
3.5770092,0.0,0.0,16_322456,16,lego batman,322456,3
8.98023,0.0,13.942928,16_137106,16,lego batman,137106,3
6.5185833,0.0,7.8649273,16_33427,16,lego batman,33427,2
6.0363045,0.0,7.9627385,16_45162,16,lego batman,45162,1
7.1760654,0.0,10.103308,16_364,16,lego batman,364,1
7.1760654,0.0,8.100838,16_251519,16,lego batman,251519,1
6.0363045,0.0,7.7632527,16_382322,16,lego batman,382322,1
6.0363045,0.0,0.0,16_321528,16,lego batman,321528,1
7.1760654,0.0,6.976727,16_415,16,lego batman,415,1
4.581092,0.0,10.1494465,16_29751,16,lego batman,29751,1
5.208973,0.0,7.8617306,16_15805,16,lego batman,15805,1
4.581092,0.0,8.874945,16_17074,16,lego batman,17074,1
8.846428,0.0,0.0,16_125249,16,lego batman,125249,1
5.208973,0.0,9.607832,16_40662,16,lego batman,40662,1
6.0363045,0.0,8.28196,16_366924,16,lego batman,366924,1
6.0363045,0.0,0.0,16_21683,16,lego batman,21683,1
6.0363045,0.0,7.305691,16_20077,16,lego batman,20077,1
7.1760654,0.0,8.509384,16_93560,16,lego batman,93560,1
0.0,0.0,0.0,16_163431,16,lego batman,163431,0
0.0,0.0,0.0,16_87017,16,lego batman,87017,0
0.0,0.0,0.0,16_27093,16,lego batman,27093,0
0.0,0.0,0.0,16_77333,16,lego batman,77333,0
0.0,0.0,0.0,16_135368,16,lego batman,135368,0
0.0,0.0,0.0,16_836,16,lego batman,836,0
0.0,0.0,0.0,16_144121,16,lego batman,144121,0
0.0,0.0,0.0,16_40655,16,lego batman,40655,0
0.0,0.0,0.0,16_359002,16,lego batman,359002,0
8.846428,0.0,0.0,16_268,16,lego batman,268,1
8.846428,0.0,0.0,16_2661,16,lego batman,2661,1
22.780968,1.0,0.0,17_146,17,crouching tiger hidden dragon,146,4
17.879787,1.0,0.0,17_263341,17,crouching tiger hidden dragon,263341,3
11.38839,0.0,12.44796,17_15860,17,crouching tiger hidden dragon,15860,1
5.082569,0.0,11.702778,17_214857,17,crouching tiger hidden dragon,214857,0
6.0422482,0.0,7.520964,17_16407,17,crouching tiger hidden dragon,16407,0
4.385956,0.0,3.837296,17_103173,17,crouching tiger hidden dragon,103173,0
4.385956,0.0,11.045404,17_81870,17,crouching tiger hidden dragon,81870,0
0.0,0.0,9.590998,17_10473,17,crouching tiger hidden dragon,10473,0
0.0,0.0,6.812971,17_21521,17,crouching tiger hidden dragon,21521,0
0.0,0.0,5.417263,17_75465,17,crouching tiger hidden dragon,75465,0
4.385956,0.0,9.818784,17_287233,17,crouching tiger hidden dragon,287233,0
6.0422482,0.0,5.969333,17_22752,17,crouching tiger hidden dragon,22752,0
7.4964705,0.0,7.7141066,17_220504,17,crouching tiger hidden dragon,220504,0
3.8572798,0.0,9.458404,17_39144,17,crouching tiger hidden dragon,39144,0
5.082569,0.0,8.986768,17_47626,17,crouching tiger hidden dragon,47626,0
6.3058205,0.0,5.9545164,17_2805,17,crouching tiger hidden dragon,2805,0
6.0422482,0.0,6.812971,17_75507,17,crouching tiger hidden dragon,75507,0
6.0422482,0.0,5.3653507,17_35868,17,crouching tiger hidden dragon,35868,0
5.082569,0.0,0.0,17_27245,17,crouching tiger hidden dragon,27245,0
4.385956,0.0,6.6422896,17_39148,17,crouching tiger hidden dragon,39148,0
8.034489,0.0,0.0,17_381284,17,crouching tiger hidden dragon,381284,0
9.904665,0.0,0.0,17_445,17,crouching tiger hidden dragon,445,0
9.904665,0.0,0.0,17_12476,17,crouching tiger hidden dragon,12476,0
9.904665,0.0,0.0,17_360784,17,crouching tiger hidden dragon,360784,0
4.385956,0.0,6.250797,17_17031,17,crouching tiger hidden dragon,17031,0
8.034489,0.0,0.0,17_1059,17,crouching tiger hidden dragon,1059,0
8.034489,0.0,0.0,17_80184,17,crouching tiger hidden dragon,80184,0
4.385956,0.0,7.62917,17_10191,17,crouching tiger hidden dragon,10191,0
3.8572798,0.0,8.505796,17_82702,17,crouching tiger hidden dragon,82702,0
0.0,0.0,0.0,17_56167,17,crouching tiger hidden dragon,56167,0
0.0,0.0,0.0,17_4613,17,crouching tiger hidden dragon,4613,0
13.977007,1.0,8.576294,18_550,18,fight club,550,4
0.0,0.0,0.0,18_1366,18,fight club,1366,1
6.9307346,0.0,8.47975,18_26555,18,fight club,26555,0
0.0,0.0,7.4705844,18_51976,18,fight club,51976,0
0.0,0.0,0.0,18_248774,18,fight club,248774,0
0.0,0.0,0.0,18_43522,18,fight club,43522,0
6.9307346,0.0,0.0,18_277622,18,fight club,277622,0
0.0,0.0,0.0,18_293660,18,fight club,293660,0
0.0,0.0,0.0,18_17136,18,fight club,17136,0
5.829939,0.0,0.0,18_276120,18,fight club,276120,0
5.829939,0.0,0.0,18_110491,18,fight club,110491,0
0.0,0.0,0.0,18_13973,18,fight club,13973,0
0.0,0.0,3.6322746,18_137145,18,fight club,137145,0
5.0308924,0.0,7.4806643,18_5951,18,fight club,5951,0
6.9307346,0.0,5.4396763,18_39578,18,fight club,39578,0
6.9307346,0.0,0.0,18_23683,18,fight club,23683,0
6.9307346,0.0,0.0,18_213983,18,fight club,213983,0
5.829939,0.0,0.0,18_55831,18,fight club,55831,0
0.0,0.0,0.0,18_39254,18,fight club,39254,0
6.9307346,0.0,6.1969447,18_197033,18,fight club,197033,0
0.0,0.0,0.0,18_11797,18,fight club,11797,0
0.0,0.0,0.0,18_58151,18,fight club,58151,0
0.0,0.0,0.0,18_85670,18,fight club,85670,0
0.0,0.0,0.0,18_13416,18,fight club,13416,0
0.0,0.0,0.0,18_13376,18,fight club,13376,0
5.1147585,0.0,4.834999,18_62934,18,fight club,62934,0
8.686422,0.0,0.0,18_17336,18,fight club,17336,1
0.0,0.0,0.0,18_9599,18,fight club,9599,0
0.0,0.0,0.0,18_8851,18,fight club,8851,0
8.543991,0.0,0.0,18_14476,18,fight club,14476,0
8.543991,0.0,5.126449,18_107781,18,fight club,107781,0
6.9307346,0.0,0.0,18_2108,18,fight club,2108,0
8.686422,0.0,2.1573195,18_305450,18,fight club,305450,0
8.450998,0.0,0.0,18_54266,18,fight club,54266,0
7.0462728,0.0,4.610551,18_345922,18,fight club,345922,0
13.280497,1.0,0.0,19_562,19,die hard,562,4
11.17118,1.0,0.0,19_1573,19,die hard,1573,3
11.17118,1.0,0.0,19_1572,19,die hard,1572,3
9.640067,1.0,0.0,19_1571,19,die hard,1571,3
9.640067,1.0,0.0,19_47964,19,die hard,47964,3
0.0,0.0,11.899947,19_26244,19,die hard,26244,0
5.2939796,0.0,3.6751914,19_7517,19,die hard,7517,0
6.9869204,0.0,4.6287017,19_269494,19,die hard,269494,0
4.017724,0.0,3.3659177,19_201414,19,die hard,201414,0
0.0,0.0,13.577761,19_90374,19,die hard,90374,0
0.0,0.0,7.238951,19_20160,19,die hard,20160,0
0.0,0.0,6.5891705,19_44103,19,die hard,44103,0
0.0,0.0,10.338512,19_4836,19,die hard,4836,0
0.0,0.0,7.0559855,19_73335,19,die hard,73335,0
0.0,0.0,9.336208,19_233487,19,die hard,233487,0
0.0,0.0,8.769421,19_23449,19,die hard,23449,0
0.0,0.0,9.336208,19_13063,19,die hard,13063,0
0.0,0.0,6.6245346,19_31046,19,die hard,31046,0
4.568391,0.0,0.0,19_289010,19,die hard,289010,0
6.2935767,0.0,0.0,19_259616,19,die hard,259616,0
0.0,0.0,0.0,19_10258,19,die hard,10258,0
0.0,0.0,0.0,19_51311,19,die hard,51311,0
0.0,0.0,0.0,19_13250,19,die hard,13250,0
0.0,0.0,0.0,19_34599,19,die hard,34599,0
0.0,0.0,0.0,19_37270,19,die hard,37270,0
0.0,0.0,0.0,19_83125,19,die hard,83125,0
5.0716763,0.0,4.2177544,19_18603,19,die hard,18603,0
7.758523,0.0,0.0,19_577,19,die hard,577,0
7.758523,0.0,0.0,19_53861,19,die hard,53861,0
7.5482473,0.0,0.0,19_29067,19,die hard,29067,0
7.5482473,0.0,0.0,19_43708,19,die hard,43708,0
6.780493,0.0,0.0,19_42735,19,die hard,42735,0
18.53991,1.0,0.0,20_11051,20,last temptation of christ,11051,4
7.0682964,0.0,0.0,20_28169,20,last temptation of christ,28169,1
5.087826,0.0,7.832668,20_23830,20,last temptation of christ,23830,0
8.299182,0.0,12.401035,20_615,20,last temptation of christ,615,2
8.299182,0.0,9.8722725,20_19401,20,last temptation of christ,19401,2
4.279736,0.0,7.1576486,20_20268,20,last temptation of christ,20268,0
6.981038,0.0,7.359512,20_47980,20,last temptation of christ,47980,2
6.2814627,0.0,0.0,20_97006,20,last temptation of christ,97006,0
8.299182,0.0,0.0,20_262904,20,last temptation of christ,262904,2
6.981038,0.0,0.0,20_96973,20,last temptation of christ,96973,1
0.0,0.0,10.5589695,20_24192,20,last temptation of christ,24192,2
0.0,0.0,0.0,20_36226,20,last temptation of christ,36226,1
6.981038,0.0,3.8194494,20_12545,20,last temptation of christ,12545,2
0.0,0.0,9.943779,20_23522,20,last temptation of christ,23522,0
6.0242224,0.0,0.0,20_31510,20,last temptation of christ,31510,2
8.299182,0.0,4.2511473,20_199512,20,last temptation of christ,199512,2
8.653565,0.0,0.0,20_68981,20,last temptation of christ,68981,1
7.2791357,0.0,0.0,20_46756,20,last temptation of christ,46756,0
0.0,0.0,9.7926655,20_213386,20,last temptation of christ,213386,2
0.0,0.0,9.365683,20_149145,20,last temptation of christ,149145,0
0.0,0.0,0.0,20_18408,20,last temptation of christ,18408,0
0.0,0.0,0.0,20_52364,20,last temptation of christ,52364,0
10.667843,0.0,11.5989895,20_24269,20,last temptation of christ,24269,0
8.653565,0.0,7.5489883,20_22309,20,last temptation of christ,22309,0
0.0,0.0,0.0,20_80169,20,last temptation of christ,80169,0
0.0,0.0,0.0,20_11622,20,last temptation of christ,11622,0
5.087826,0.0,2.921403,20_296065,20,last temptation of christ,296065,0
0.0,0.0,0.0,20_111396,20,last temptation of christ,111396,0
0.0,0.0,0.0,20_39641,20,last temptation of christ,39641,0
0.0,0.0,0.0,20_17870,20,last temptation of christ,17870,0
0.0,0.0,0.0,20_18128,20,last temptation of christ,18128,0
11.946544,1.0,2.532411,21_8967,21,tree of life,8967,4
5.8532543,0.0,8.926853,21_62394,21,tree of life,62394,0
8.578161,0.0,8.368454,21_51409,21,tree of life,51409,0
6.9584527,0.0,2.673707,21_45974,21,tree of life,45974,0
6.9584527,0.0,10.663263,21_165911,21,tree of life,165911,0
5.8532543,0.0,7.0676975,21_30177,21,tree of life,30177,0
6.9584527,0.0,1.8758643,21_91737,21,tree of life,91737,0
6.9584527,0.0,2.2327967,21_43008,21,tree of life,43008,0
0.0,0.0,10.173654,21_37284,21,tree of life,37284,0
6.9584527,0.0,2.352145,21_43767,21,tree of life,43767,0
5.8532543,0.0,7.796256,21_94706,21,tree of life,94706,0
5.8532543,0.0,0.0,21_117730,21,tree of life,117730,0
5.051012,0.0,8.540733,21_36540,21,tree of life,36540,0
5.8532543,0.0,7.3006086,21_61080,21,tree of life,61080,0
0.0,0.0,8.650253,21_72358,21,tree of life,72358,0
0.0,0.0,10.506063,21_25435,21,tree of life,25435,0
3.9643192,0.0,0.0,21_79042,21,tree of life,79042,0
0.0,0.0,8.247894,21_36072,21,tree of life,36072,0
0.0,0.0,0.0,21_159138,21,tree of life,159138,0
5.8532543,0.0,0.0,21_158711,21,tree of life,158711,0
0.0,0.0,0.0,21_7555,21,tree of life,7555,0
0.0,0.0,0.0,21_1370,21,tree of life,1370,0
0.0,0.0,1.8560836,21_1369,21,tree of life,1369,0
0.0,0.0,0.0,21_1368,21,tree of life,1368,0
0.0,0.0,2.4503791,21_288183,21,tree of life,288183,0
8.578161,0.0,0.0,21_295058,21,tree of life,295058,0
6.9584527,0.0,0.0,21_291351,21,tree of life,291351,0
6.9584527,0.0,0.0,21_111481,21,tree of life,111481,0
6.9584527,0.0,0.0,21_16029,21,tree of life,16029,0
6.9584527,0.0,8.212696,21_7860,21,tree of life,7860,0
10.875866,0.0,6.4336514,22_26386,22,murray saves christmas,26386,2
13.148282,0.0,8.20928,22_364067,22,murray saves christmas,364067,3
0.0,0.0,12.160724,22_9647,22,murray saves christmas,9647,2
5.820251,0.0,5.8120413,22_175555,22,murray saves christmas,175555,0
4.2248125,0.0,6.6271276,22_5825,22,murray saves christmas,5825,0
0.0,0.0,2.9471602,22_10433,22,murray saves christmas,10433,0
5.1604156,0.0,0.0,22_28033,22,murray saves christmas,28033,0
4.895831,0.0,7.2099814,22_81393,22,murray saves christmas,81393,1
5.820251,0.0,7.0009604,22_21501,22,murray saves christmas,21501,1
4.2248125,0.0,6.798154,22_172413,22,murray saves christmas,172413,1
3.71556,0.0,6.594716,22_20785,22,murray saves christmas,20785,1
4.2248125,0.0,5.662694,22_46240,22,murray saves christmas,46240,1
4.895831,0.0,6.544801,22_86778,22,murray saves christmas,86778,1
5.820251,0.0,6.9580975,22_45697,22,murray saves christmas,45697,1
4.895831,0.0,7.8225727,22_13187,22,murray saves christmas,13187,1
4.895831,0.0,6.4336514,22_14813,22,murray saves christmas,14813,1
4.2248125,0.0,7.6788588,22_49742,22,murray saves christmas,49742,1
5.820251,0.0,5.736396,22_850,22,murray saves christmas,850,1
5.820251,0.0,5.969479,22_13189,22,murray saves christmas,13189,1
4.895831,0.0,10.321089,22_13358,22,murray saves christmas,13358,1
0.0,0.0,0.0,22_1366,22,murray saves christmas,1366,0
0.0,0.0,4.697114,22_1374,22,murray saves christmas,1374,0
0.0,0.0,0.0,22_1246,22,murray saves christmas,1246,0
0.0,0.0,0.0,22_1367,22,murray saves christmas,1367,0
0.0,0.0,0.0,22_1371,22,murray saves christmas,1371,0
0.0,0.0,0.0,22_44718,22,murray saves christmas,44718,0
0.0,0.0,0.0,22_127451,22,murray saves christmas,127451,0
0.0,0.0,0.0,22_87169,22,murray saves christmas,87169,0
0.0,0.0,0.0,22_153141,22,murray saves christmas,153141,0
0.0,0.0,0.0,22_12493,22,murray saves christmas,12493,0
5.820251,0.0,5.5208297,22_81182,22,murray saves christmas,81182,1
5.820251,0.0,7.2245975,22_9656,22,murray saves christmas,9656,1
5.820251,0.0,6.9046535,22_340402,22,murray saves christmas,340402,1
5.820251,0.0,6.0787206,22_16412,22,murray saves christmas,16412,1
0.0,0.0,0.0,22_52105,22,murray saves christmas,52105,0
0.0,0.0,4.716468,22_9871,22,murray saves christmas,9871,0
0.0,0.0,0.0,22_27429,22,murray saves christmas,27429,0
0.0,0.0,0.0,22_73065,22,murray saves christmas,73065,0
0.0,0.0,0.0,22_20077,22,murray saves christmas,20077,0
0.0,0.0,0.0,22_192393,22,murray saves christmas,192393,0
0.0,0.0,0.0,22_15906,22,murray saves christmas,15906,0
0.0,0.0,0.0,22_43532,22,murray saves christmas,43532,0
0.0,0.0,0.0,22_36670,22,murray saves christmas,36670,0
0.0,0.0,0.0,22_13343,22,murray saves christmas,13343,0
13.815247,1.0,16.634066,23_44214,23,black swan,44214,4
13.815247,1.0,0.0,23_29882,23,black swan,29882,4
0.0,0.0,6.330509,23_8966,23,black swan,8966,1
4.7281494,0.0,8.453438,23_124461,23,black swan,124461,0
0.0,0.0,11.374985,23_27327,23,black swan,27327,0
0.0,0.0,0.0,23_39424,23,black swan,39424,0
0.0,0.0,10.908319,23_18239,23,black swan,18239,0
8.299182,0.0,5.402833,23_95242,23,black swan,95242,0
8.299182,0.0,6.8535147,23_22586,23,black swan,22586,2
6.981038,0.0,7.6427927,23_15016,23,black swan,15016,2
5.298073,0.0,0.0,23_28302,23,black swan,28302,1
4.7281494,0.0,0.0,23_54113,23,black swan,54113,1
0.0,0.0,5.9878025,23_50619,23,black swan,50619,0
8.299182,0.0,8.109769,23_54491,23,black swan,54491,0
10.23097,0.0,0.0,23_61048,23,black swan,61048,1
0.0,0.0,3.134235,23_40440,23,black swan,40440,0
0.0,0.0,0.0,23_24021,23,black swan,24021,0
0.0,0.0,0.0,23_199818,23,black swan,199818,0
0.0,0.0,7.4707203,23_25757,23,black swan,25757,0
0.0,0.0,7.387559,23_39914,23,black swan,39914,0
0.0,0.0,0.0,23_73191,23,black swan,73191,1
0.0,0.0,0.0,23_15167,23,black swan,15167,0
0.0,0.0,0.0,23_13759,23,black swan,13759,1
0.0,0.0,0.0,23_49852,23,black swan,49852,0
0.0,0.0,0.0,23_24696,23,black swan,24696,0
0.0,0.0,0.0,23_22582,23,black swan,22582,0
0.0,0.0,0.0,23_287233,23,black swan,287233,0
0.0,0.0,0.0,23_76891,23,black swan,76891,0
0.0,0.0,0.0,23_39853,23,black swan,39853,0
0.0,0.0,0.0,23_30669,23,black swan,30669,0
5.516064,0.0,0.0,23_91292,23,black swan,91292,0
0.0,0.0,0.0,23_11816,23,black swan,11816,0
4.004009,0.0,0.0,23_116983,23,black swan,116983,0
0.0,0.0,0.0,23_76346,23,black swan,76346,0
10.853643,1.0,9.980584,24_104221,24,emma,104221,4
10.853643,1.0,10.739423,24_183894,24,emma,183894,4
10.853643,1.0,8.896874,24_3573,24,emma,3573,4
10.853643,1.0,8.76605,24_12254,24,emma,12254,4
8.804283,1.0,7.404962,24_17813,24,emma,17813,3
0.0,0.0,10.508375,24_78646,24,emma,78646,0
0.0,0.0,10.508375,24_12432,24,emma,12432,0
0.0,0.0,7.8719254,24_63727,24,emma,63727,0
0.0,0.0,7.027275,24_152584,24,emma,152584,0
0.0,0.0,8.11014,24_77468,24,emma,77468,0
0.0,0.0,7.0544558,24_26985,24,emma,26985,0
0.0,0.0,6.5630846,24_2528,24,emma,2528,0
0.0,0.0,0.0,24_23512,24,emma,23512,0
0.0,0.0,0.0,24_13319,24,emma,13319,0
0.0,0.0,7.0544558,24_43798,24,emma,43798,1
0.0,0.0,7.375019,24_51828,24,emma,51828,0
0.0,0.0,5.3787622,24_250235,24,emma,250235,0
0.0,0.0,8.963762,24_24869,24,emma,24869,0
0.0,0.0,7.7589707,24_253161,24,emma,253161,0
0.0,0.0,8.57687,24_11050,24,emma,11050,0
0.0,0.0,0.0,24_14154,24,emma,14154,0
0.0,0.0,0.0,24_254464,24,emma,254464,0
0.0,0.0,0.0,24_269100,24,emma,269100,0
0.0,0.0,0.0,24_80215,24,emma,80215,0
0.0,0.0,0.0,24_5000,24,emma,5000,0
0.0,0.0,0.0,24_77074,24,emma,77074,0
0.0,0.0,0.0,24_35066,24,emma,35066,0
0.0,0.0,0.0,24_42266,24,emma,42266,1
0.0,0.0,0.0,24_22597,24,emma,22597,0
0.0,0.0,0.0,24_26191,24,emma,26191,0
0.0,0.0,0.0,24_106402,24,emma,106402,0
0.0,0.0,0.0,24_198185,24,emma,198185,0
0.0,0.0,0.0,24_20873,24,emma,20873,0
0.0,0.0,0.0,24_541,24,emma,541,0
0.0,0.0,0.0,24_1283,24,emma,1283,0
20.141663,1.0,4.132758,25_76341,25,mad max fury road,76341,4
13.06311,0.0,9.905571,25_8810,25,mad max fury road,8810,3
14.184008,0.0,0.0,25_9659,25,mad max fury road,9659,3
10.295909,0.0,14.019869,25_9355,25,mad max fury road,9355,3
5.2815013,0.0,3.6272488,25_290999,25,mad max fury road,290999,1
7.2851176,0.0,0.0,25_37776,25,mad max fury road,37776,0
6.687537,0.0,6.1949244,25_9770,25,mad max fury road,9770,0
5.2881317,0.0,7.8726707,25_149172,25,mad max fury road,149172,0
5.2881317,0.0,0.0,25_27460,25,mad max fury road,27460,0
7.2851176,0.0,0.0,25_62529,25,mad max fury road,62529,0
7.2851176,0.0,0.0,25_92667,25,mad max fury road,92667,0
7.2851176,0.0,0.0,25_27543,25,mad max fury road,27543,0
7.2851176,0.0,0.0,25_24351,25,mad max fury road,24351,0
7.2851176,0.0,0.0,25_159615,25,mad max fury road,159615,0
0.0,0.0,0.0,25_26258,25,mad max fury road,26258,0
7.2851176,0.0,9.61471,25_251516,25,mad max fury road,251516,0
6.2787423,0.0,0.0,25_4148,25,mad max fury road,4148,0
8.980864,0.0,6.1454296,25_228150,25,mad max fury road,228150,0
6.687537,0.0,3.8348508,25_47608,25,mad max fury road,47608,0
7.2851176,0.0,0.0,25_201086,25,mad max fury road,201086,0
0.0,0.0,0.0,25_239573,25,mad max fury road,239573,0
0.0,0.0,0.0,25_13911,25,mad max fury road,13911,0
0.0,0.0,0.0,25_28036,25,mad max fury road,28036,0
0.0,0.0,0.0,25_9346,25,mad max fury road,9346,0
0.0,0.0,0.0,25_32074,25,mad max fury road,32074,0
8.980864,0.0,0.0,25_14615,25,mad max fury road,14615,0
8.980864,0.0,0.0,25_12611,25,mad max fury road,12611,0
8.980864,0.0,0.0,25_28304,25,mad max fury road,28304,0
0.0,0.0,0.0,25_578,25,mad max fury road,578,0
0.0,0.0,0.0,25_25699,25,mad max fury road,25699,0
0.0,0.0,0.0,25_56599,25,mad max fury road,56599,0
8.90876,0.0,0.0,25_11576,25,mad max fury road,11576,0
5.4415493,0.0,7.410135,25_13752,25,mad max fury road,13752,0
15.244343,1.0,20.012499,26_251516,26,kung fury,251516,4
6.1280355,0.0,8.286016,26_18666,26,kung fury,18666,1
7.2851176,0.0,0.0,26_37776,26,kung fury,37776,0
5.2881317,0.0,7.8726707,26_149172,26,kung fury,149172,0
5.2881317,0.0,0.0,26_27460,26,kung fury,27460,0
7.2851176,0.0,0.0,26_62529,26,kung fury,62529,0
5.7774553,0.0,7.8288946,26_11891,26,kung fury,11891,0
5.7774553,0.0,0.0,26_50393,26,kung fury,50393,1
6.695077,0.0,8.81472,26_9470,26,kung fury,9470,1
7.2851176,0.0,0.0,26_92667,26,kung fury,92667,0
7.2851176,0.0,0.0,26_27543,26,kung fury,27543,0
7.2851176,0.0,0.0,26_24351,26,kung fury,24351,0
7.2851176,0.0,0.0,26_159615,26,kung fury,159615,0
7.9592257,0.0,3.763381,26_58255,26,kung fury,58255,1
0.0,0.0,6.8528576,26_18725,26,kung fury,18725,1
4.5344725,0.0,0.0,26_15854,26,kung fury,15854,1
5.7774553,0.0,5.4316654,26_60639,26,kung fury,60639,1
5.7774553,0.0,7.7691345,26_49444,26,kung fury,49444,1
8.980864,0.0,6.1454296,26_228150,26,kung fury,228150,0
6.695077,0.0,6.249299,26_9502,26,kung fury,9502,1
0.0,0.0,0.0,26_46147,26,kung fury,46147,0
0.0,0.0,0.0,26_86577,26,kung fury,86577,0
0.0,0.0,0.0,26_41870,26,kung fury,41870,0
0.0,0.0,0.0,26_339428,26,kung fury,339428,0
0.0,0.0,0.0,26_9614,26,kung fury,9614,0
8.980864,0.0,0.0,26_14615,26,kung fury,14615,0
8.980864,0.0,0.0,26_12611,26,kung fury,12611,0
8.980864,0.0,0.0,26_28304,26,kung fury,28304,0
7.2851176,0.0,0.0,26_11713,26,kung fury,11713,0
7.2851176,0.0,0.0,26_201086,26,kung fury,201086,0
0.0,0.0,0.0,26_841,26,kung fury,841,0
0.0,0.0,0.0,26_15,26,kung fury,15,0
0.0,0.0,0.0,26_244,26,kung fury,244,0
0.0,0.0,0.0,26_254,26,kung fury,254,0
0.0,0.0,0.0,26_10730,26,kung fury,10730,0
0.0,0.0,0.0,26_13958,26,kung fury,13958,0
0.0,0.0,0.0,26_39276,26,kung fury,39276,0
0.0,0.0,0.0,26_31947,26,kung fury,31947,0
20.878998,1.0,13.156628,27_3083,27,mr smith goes to washington,3083,4
12.538726,0.0,11.586999,27_25058,27,mr smith goes to washington,25058,2
0.0,0.0,14.187363,27_266814,27,mr smith goes to washington,266814,1
5.681937,0.0,3.9048212,27_15670,27,mr smith goes to washington,15670,0
11.003914,0.0,0.0,27_78140,27,mr smith goes to washington,78140,0
13.465494,0.0,4.8423605,27_787,27,mr smith goes to washington,787,0
8.4045925,0.0,0.0,27_45019,27,mr smith goes to washington,45019,0
6.1007385,0.0,6.157951,27_35262,27,mr smith goes to washington,35262,0
9.000803,0.0,0.0,27_31309,27,mr smith goes to washington,31309,0
0.0,0.0,2.5696526,27_162284,27,mr smith goes to washington,162284,0
0.0,0.0,12.571697,27_260,27,mr smith goes to washington,260,0
0.0,0.0,6.75217,27_303742,27,mr smith goes to washington,303742,0
7.069707,0.0,6.816266,27_44383,27,mr smith goes to washington,44383,0
9.000803,0.0,5.1046963,27_77012,27,mr smith goes to washington,77012,0
0.0,0.0,10.070759,27_33831,27,mr smith goes to washington,33831,0
13.465494,0.0,4.0024204,27_24197,27,mr smith goes to washington,24197,0
4.097628,0.0,9.499739,27_101449,27,mr smith goes to washington,101449,0
0.0,0.0,2.9545007,27_55863,27,mr smith goes to washington,55863,0
0.0,0.0,6.7836323,27_909,27,mr smith goes to washington,909,0
0.0,0.0,4.7745657,27_14434,27,mr smith goes to washington,14434,0
0.0,0.0,0.0,27_9928,27,mr smith goes to washington,9928,0
0.0,0.0,0.0,27_10681,27,mr smith goes to washington,10681,0
0.0,0.0,0.0,27_283995,27,mr smith goes to washington,283995,0
0.0,0.0,2.2098398,27_62994,27,mr smith goes to washington,62994,0
0.0,0.0,0.0,27_212849,27,mr smith goes to washington,212849,0
0.0,0.0,0.0,27_83735,27,mr smith goes to washington,83735,0
0.0,0.0,0.0,27_10107,27,mr smith goes to washington,10107,0
0.0,0.0,0.0,27_287991,27,mr smith goes to washington,287991,0
0.0,0.0,0.0,27_59744,27,mr smith goes to washington,59744,0
0.0,0.0,0.0,27_27297,27,mr smith goes to washington,27297,0
0.0,0.0,0.0,27_67750,27,mr smith goes to washington,67750,0
0.0,0.0,0.0,27_288153,27,mr smith goes to washington,288153,0
0.0,0.0,0.0,27_5424,27,mr smith goes to washington,5424,0
0.0,0.0,0.0,27_20980,27,mr smith goes to washington,20980,0
0.0,0.0,0.0,27_15292,27,mr smith goes to washington,15292,0
0.0,0.0,0.0,27_9067,27,mr smith goes to washington,9067,0
0.0,0.0,0.0,27_12629,27,mr smith goes to washington,12629,0
0.0,0.0,0.0,27_9804,27,mr smith goes to washington,9804,0
9.445558,1.0,8.8454,28_393,28,kill bill,393,3
9.445558,1.0,6.9523177,28_24,28,kill bill,24,4
5.801358,0.0,3.229786,28_37517,28,kill bill,37517,0
5.801358,0.0,0.0,28_330711,28,kill bill,330711,0
0.0,0.0,10.768923,28_46691,28,kill bill,46691,0
4.879939,0.0,0.0,28_318922,28,kill bill,318922,0
4.879939,0.0,0.0,28_8141,28,kill bill,8141,0
0.0,0.0,7.3186164,28_114888,28,kill bill,114888,0
0.0,0.0,4.1619344,28_190906,28,kill bill,190906,0
0.0,0.0,3.2683125,28_115199,28,kill bill,115199,0
6.2501926,0.0,0.0,28_315,28,kill bill,315,0
3.7034998,0.0,0.0,28_61943,28,kill bill,61943,0
6.9579015,0.0,0.0,28_28049,28,kill bill,28049,0
5.801358,0.0,0.0,28_17285,28,kill bill,17285,0
5.801358,0.0,3.43207,28_27261,28,kill bill,27261,0
4.2110987,0.0,0.0,28_13589,28,kill bill,13589,0
5.801358,0.0,0.0,28_53063,28,kill bill,53063,0
4.2110987,0.0,0.0,28_128276,28,kill bill,128276,0
5.801358,0.0,3.6287444,28_167305,28,kill bill,167305,0
5.801358,0.0,0.0,28_54102,28,kill bill,54102,0
0.0,0.0,0.0,28_3083,28,kill bill,3083,0
0.0,0.0,0.0,28_25058,28,kill bill,25058,0
0.0,0.0,0.0,28_909,28,kill bill,909,0
0.0,0.0,0.0,28_24197,28,kill bill,24197,0
0.0,0.0,0.0,28_787,28,kill bill,787,0
0.0,0.0,0.0,28_3080,28,kill bill,3080,0
0.0,0.0,0.0,28_99875,28,kill bill,99875,0
0.0,0.0,0.0,28_10588,28,kill bill,10588,0
0.0,0.0,0.0,28_43580,28,kill bill,43580,0
0.0,0.0,0.0,28_20239,28,kill bill,20239,0
0.0,0.0,0.0,28_25602,28,kill bill,25602,1
0.0,0.0,0.0,28_48707,28,kill bill,48707,1
0.0,0.0,0.0,28_22484,28,kill bill,22484,1
0.0,0.0,0.0,28_12500,28,kill bill,12500,1
0.0,0.0,0.0,28_52009,28,kill bill,52009,1
0.0,0.0,0.0,28_79118,28,kill bill,79118,0
0.0,0.0,0.0,28_15669,28,kill bill,15669,0
0.0,0.0,0.0,28_47448,28,kill bill,47448,0
0.0,0.0,0.0,28_76960,28,kill bill,76960,0
0.0,0.0,0.0,28_293461,28,kill bill,293461,0
10.667843,1.0,0.0,29_238,29,the godfather,238,4
7.2791357,1.0,0.0,29_242,29,the godfather,242,3
7.2791357,1.0,0.0,29_240,29,the godfather,240,3
8.653565,1.0,8.979729,29_77403,29,the godfather,77403,0
8.653565,1.0,0.0,29_70829,29,the godfather,70829,2
0.0,0.0,5.2672863,29_18973,29,the godfather,18973,1
0.0,0.0,7.2747927,29_154779,29,the godfather,154779,0
0.0,0.0,9.97023,29_45485,29,the godfather,45485,2
0.0,0.0,9.431572,29_49852,29,the godfather,49852,0
0.0,0.0,0.0,29_54102,29,the godfather,54102,0
0.0,0.0,6.7595444,29_13533,29,the godfather,13533,0
0.0,0.0,9.431572,29_8995,29,the godfather,8995,0
0.0,0.0,9.431572,29_29887,29,the godfather,29887,0
0.0,0.0,4.9547634,29_62836,29,the godfather,62836,0
0.0,0.0,4.677249,29_36909,29,the godfather,36909,0
0.0,0.0,4.677249,29_82866,29,the godfather,82866,0
0.0,0.0,4.677249,29_75579,29,the godfather,75579,0
0.0,0.0,8.163776,29_400,29,the godfather,400,1
0.0,0.0,0.0,29_21469,29,the godfather,21469,0
0.0,0.0,0.0,29_1374,29,the godfather,1374,0
0.0,0.0,0.0,29_12112,29,the godfather,12112,0
0.0,0.0,0.0,29_9469,29,the godfather,9469,0
0.0,0.0,0.0,29_27511,29,the godfather,27511,0
0.0,0.0,0.0,29_279690,29,the godfather,279690,0
0.0,0.0,0.0,29_31556,29,the godfather,31556,0
0.0,0.0,0.0,29_603,29,the godfather,603,0
0.0,0.0,0.0,29_605,29,the godfather,605,0
0.0,0.0,0.0,29_604,29,the godfather,604,0
0.0,0.0,0.0,29_10999,29,the godfather,10999,0
0.0,0.0,0.0,29_957,29,the godfather,957,0
0.0,0.0,0.0,29_110398,29,the godfather,110398,0
0.0,0.0,0.0,29_21147,29,the godfather,21147,0
0.0,0.0,0.0,29_12721,29,the godfather,12721,0
0.0,0.0,0.0,29_220933,29,the godfather,220933,0
0.0,0.0,0.0,29_26789,29,the godfather,26789,0
0.0,0.0,0.0,29_13200,29,the godfather,13200,0
0.0,0.0,0.0,29_39514,29,the godfather,39514,0
0.0,0.0,0.0,29_256876,29,the godfather,256876,0
0.0,0.0,0.0,29_9626,29,the godfather,9626,0
0.0,0.0,0.0,29_51422,29,the godfather,51422,0
18.79089,1.0,0.0,30_680,30,pulp fiction,680,4
12.094273,0.0,9.449135,30_28131,30,pulp fiction,28131,1
0.0,0.0,12.2785845,30_37988,30,pulp fiction,37988,0
0.0,0.0,13.233194,30_18451,30,pulp fiction,18451,0
0.0,0.0,12.104958,30_75404,30,pulp fiction,75404,0
0.0,0.0,6.8082647,30_33470,30,pulp fiction,33470,0
0.0,0.0,8.681631,30_25208,30,pulp fiction,25208,0
0.0,0.0,12.504755,30_43317,30,pulp fiction,43317,0
0.0,0.0,8.99547,30_10349,30,pulp fiction,10349,0
0.0,0.0,0.0,30_91063,30,pulp fiction,91063,0
0.0,0.0,9.07532,30_55086,30,pulp fiction,55086,0
0.0,0.0,5.426095,30_19562,30,pulp fiction,19562,0
0.0,0.0,7.2570553,30_20781,30,pulp fiction,20781,0
0.0,0.0,4.5627136,30_47369,30,pulp fiction,47369,0
0.0,0.0,0.0,30_13166,30,pulp fiction,13166,0
0.0,0.0,8.017995,30_1092,30,pulp fiction,1092,0
0.0,0.0,7.439596,30_54300,30,pulp fiction,54300,0
6.5185833,0.0,5.174618,30_97251,30,pulp fiction,97251,0
0.0,0.0,5.1551394,30_15990,30,pulp fiction,15990,0
0.0,0.0,7.2570553,30_10249,30,pulp fiction,10249,0
0.0,0.0,0.0,30_393,30,pulp fiction,393,2
0.0,0.0,0.0,30_24,30,pulp fiction,24,2
0.0,0.0,0.0,30_37517,30,pulp fiction,37517,0
0.0,0.0,0.0,30_330711,30,pulp fiction,330711,0
0.0,0.0,0.0,30_46691,30,pulp fiction,46691,0
0.0,0.0,0.0,30_21501,30,pulp fiction,21501,0
0.0,0.0,0.0,30_81182,30,pulp fiction,81182,0
0.0,0.0,0.0,30_340402,30,pulp fiction,340402,0
0.0,0.0,0.0,30_9656,30,pulp fiction,9656,0
0.0,0.0,0.0,30_16412,30,pulp fiction,16412,0
9.816013,1.0,6.6271276,31_5825,31,christmas vacation,5825,4
5.820251,0.0,10.637934,31_13673,31,christmas vacation,13673,1
4.895831,0.0,7.5047264,31_77499,31,christmas vacation,77499,1
0.0,0.0,13.546556,31_16342,31,christmas vacation,16342,0
0.0,0.0,10.512535,31_75132,31,christmas vacation,75132,1
6.4792404,0.0,4.7564178,31_249072,31,christmas vacation,249072,0
0.0,0.0,9.023399,31_13397,31,christmas vacation,13397,1
7.702636,0.0,6.308069,31_76452,31,christmas vacation,76452,0
4.895831,0.0,7.2099814,31_81393,31,christmas vacation,81393,1
6.4792404,0.0,0.0,31_158382,31,christmas vacation,158382,0
5.820251,0.0,7.0009604,31_21501,31,christmas vacation,21501,1
7.702636,0.0,6.3680162,31_11419,31,christmas vacation,11419,1
4.2248125,0.0,6.798154,31_172413,31,christmas vacation,172413,1
3.71556,0.0,6.594716,31_20785,31,christmas vacation,20785,1
4.2248125,0.0,5.662694,31_46240,31,christmas vacation,46240,1
4.895831,0.0,6.544801,31_86778,31,christmas vacation,86778,1
5.820251,0.0,6.9580975,31_45697,31,christmas vacation,45697,1
4.895831,0.0,7.8225727,31_13187,31,christmas vacation,13187,1
4.895831,0.0,6.4336514,31_14813,31,christmas vacation,14813,1
4.2248125,0.0,7.6788588,31_49742,31,christmas vacation,49742,1
0.0,0.0,0.0,31_88293,31,christmas vacation,88293,0
0.0,0.0,0.0,31_4247,31,christmas vacation,4247,0
0.0,0.0,0.0,31_4248,31,christmas vacation,4248,0
0.0,0.0,0.0,31_131916,31,christmas vacation,131916,0
0.0,0.0,0.0,31_4256,31,christmas vacation,4256,0
0.0,0.0,0.0,31_15379,31,christmas vacation,15379,0
0.0,0.0,0.0,31_15771,31,christmas vacation,15771,0
0.0,0.0,0.0,31_10117,31,christmas vacation,10117,0
0.0,0.0,0.0,31_9422,31,christmas vacation,9422,0
0.0,0.0,0.0,31_308165,31,christmas vacation,308165,0
0.0,0.0,0.0,31_25466,31,christmas vacation,25466,0
0.0,0.0,0.0,31_98399,31,christmas vacation,98399,0
7.175022,0.0,6.4336514,31_15250,31,christmas vacation,15250,0
0.0,0.0,0.0,31_72490,31,christmas vacation,72490,0
5.820251,0.0,5.736396,31_850,31,christmas vacation,850,0
5.820251,0.0,0.0,31_13368,31,christmas vacation,13368,1
5.820251,0.0,6.7740335,31_51052,31,christmas vacation,51052,0
5.820251,0.0,4.286019,31_17979,31,christmas vacation,17979,1
5.820251,0.0,6.3114085,31_16938,31,christmas vacation,16938,0
5.820251,0.0,6.9046535,31_340402,31,christmas vacation,340402,0
0.0,0.0,0.0,31_12193,31,christmas vacation,12193,0
10.360917,1.0,5.722952,32_11252,32,psycho,11252,4
10.360917,1.0,0.0,32_539,32,psycho,539,4
8.4045925,1.0,0.0,32_12662,32,psycho,12662,3
8.4045925,1.0,0.0,32_1359,32,psycho,1359,1
8.4045925,1.0,0.0,32_10576,32,psycho,10576,3
7.069707,1.0,0.0,32_27723,32,psycho,27723,0
5.365365,1.0,0.0,32_35683,32,psycho,35683,1
4.7882032,1.0,0.0,32_10726,32,psycho,10726,1
0.0,0.0,3.9934492,32_11629,32,psycho,11629,0
0.0,0.0,8.25547,32_560,32,psycho,560,0
0.0,0.0,6.1681767,32_32836,32,psycho,32836,0
0.0,0.0,8.149403,32_29103,32,psycho,29103,0
0.0,0.0,0.0,32_42307,32,psycho,42307,0
0.0,0.0,0.0,32_28604,32,psycho,28604,0
0.0,0.0,0.0,32_16092,32,psycho,16092,0
0.0,0.0,8.149403,32_79363,32,psycho,79363,0
0.0,0.0,5.828121,32_49691,32,psycho,49691,0
0.0,0.0,0.0,32_10890,32,psycho,10890,0
0.0,0.0,7.9452415,32_112336,32,psycho,112336,0
0.0,0.0,7.221572,32_9877,32,psycho,9877,0
0.0,0.0,0.0,32_9614,32,psycho,9614,0
0.0,0.0,0.0,32_125842,32,psycho,125842,0
0.0,0.0,0.0,32_427760,32,psycho,427760,0
0.0,0.0,0.0,32_4247,32,psycho,4247,1
0.0,0.0,0.0,32_30335,32,psycho,30335,0
0.0,0.0,0.0,32_41445,32,psycho,41445,0
0.0,0.0,0.0,32_63100,32,psycho,63100,0
0.0,0.0,0.0,32_2359,32,psycho,2359,0
11.054142,1.0,1.7809634,33_637,33,life is beautiful,637,4
4.4032345,0.0,1.8560836,33_288162,33,life is beautiful,288162,0
0.0,0.0,6.033228,33_83860,33,life is beautiful,83860,0
6.066051,0.0,5.4287825,33_226247,33,life is beautiful,226247,0
11.054142,0.0,0.0,33_58197,33,life is beautiful,58197,0
0.0,0.0,7.1894817,33_14002,33,life is beautiful,14002,0
0.0,0.0,7.7945824,33_219781,33,life is beautiful,219781,0
6.066051,0.0,2.384003,33_59437,33,life is beautiful,59437,0
0.0,0.0,5.55249,33_25228,33,life is beautiful,25228,0
0.0,0.0,5.7487516,33_669,33,life is beautiful,669,0
6.066051,0.0,3.0307946,33_32630,33,life is beautiful,32630,0
6.066051,0.0,4.9344215,33_302496,33,life is beautiful,302496,0
5.1025915,0.0,4.869315,33_147729,33,life is beautiful,147729,0
4.988091,0.0,5.6163416,33_75720,33,life is beautiful,75720,0
0.0,0.0,4.311504,33_38834,33,life is beautiful,38834,0
4.988091,0.0,4.2468934,33_41659,33,life is beautiful,41659,0
2.565774,0.0,2.382163,33_40651,33,life is beautiful,40651,0
0.0,0.0,5.4287825,33_20122,33,life is beautiful,20122,0
6.066051,0.0,2.917316,33_29483,33,life is beautiful,29483,0
6.066051,0.0,2.0507033,33_6414,33,life is beautiful,6414,0
0.0,0.0,0.0,33_201859,33,life is beautiful,201859,0
0.0,0.0,0.0,33_13982,33,life is beautiful,13982,0
0.0,0.0,0.0,33_66178,33,life is beautiful,66178,0
0.0,0.0,0.0,33_60405,33,life is beautiful,60405,0
0.0,0.0,0.0,33_242076,33,life is beautiful,242076,0
0.0,0.0,1.8560836,33_85593,33,life is beautiful,85593,0
7.478037,0.0,3.321494,33_21033,33,life is beautiful,21033,0
7.478037,0.0,3.0307946,33_34299,33,life is beautiful,34299,0
6.1491613,0.0,0.0,33_38396,33,life is beautiful,38396,0
0.0,0.0,0.0,33_13060,33,life is beautiful,13060,0
6.1491613,0.0,2.5205579,33_6522,33,life is beautiful,6522,0
6.066051,0.0,3.5892553,33_10020,33,life is beautiful,10020,0
6.066051,0.0,3.0307946,33_648,33,life is beautiful,648,0
6.066051,0.0,0.0,33_453,33,life is beautiful,453,0
0.0,0.0,0.0,33_10806,33,life is beautiful,10806,0
0.0,0.0,0.0,33_78657,33,life is beautiful,78657,0
0.0,0.0,0.0,33_61864,33,life is beautiful,61864,0
0.0,0.0,0.0,33_78307,33,life is beautiful,78307,0
0.0,0.0,2.409099,33_150540,33,life is beautiful,150540,0
0.0,0.0,1.916718,33_678,33,life is beautiful,678,0
0.0,0.0,0.0,33_419430,33,life is beautiful,419430,0
12.677944,1.0,0.0,34_72003,34,dark knight,72003,2
10.6643305,1.0,9.359791,34_49026,34,dark knight,49026,3
12.677944,1.0,0.0,34_155,34,dark knight,155,4
7.222787,1.0,0.0,34_142061,34,dark knight,142061,3
7.222787,1.0,0.0,34_123025,34,dark knight,123025,3
8.093409,1.0,0.0,34_29751,34,dark knight,29751,2
4.628026,0.0,7.942031,34_114875,34,dark knight,114875,0
0.0,0.0,0.0,34_17240,34,dark knight,17240,0
0.0,0.0,8.515293,34_83233,34,dark knight,83233,0
0.0,0.0,0.0,34_82485,34,dark knight,82485,0
6.0363045,0.0,12.782583,34_13851,34,dark knight,13851,3
3.691224,0.0,10.0884,34_30584,34,dark knight,30584,0
0.0,0.0,4.7035785,34_577,34,dark knight,577,0
5.501879,0.0,6.3272943,34_124080,34,dark knight,124080,0
0.0,0.0,3.8172798,34_58595,34,dark knight,58595,0
7.1760654,0.0,0.0,34_5765,34,dark knight,5765,0
7.1760654,0.0,0.0,34_37834,34,dark knight,37834,0
0.0,0.0,0.0,34_98851,34,dark knight,98851,0
0.0,0.0,3.894527,34_14919,34,dark knight,14919,2
5.501879,0.0,5.2848034,34_213270,34,dark knight,213270,0
0.0,0.0,0.0,34_319074,34,dark knight,319074,0
0.0,0.0,0.0,34_10296,34,dark knight,10296,0
0.0,0.0,0.0,34_45148,34,dark knight,45148,0
0.0,0.0,0.0,34_101860,34,dark knight,101860,0
0.0,0.0,0.0,34_153158,34,dark knight,153158,0
0.0,0.0,0.0,34_11797,34,dark knight,11797,0
0.0,0.0,0.0,34_58151,34,dark knight,58151,0
0.0,0.0,0.0,34_85670,34,dark knight,85670,0
0.0,0.0,0.0,34_20674,34,dark knight,20674,0
0.0,0.0,0.0,34_87245,34,dark knight,87245,0
0.0,0.0,0.0,34_71701,34,dark knight,71701,0
0.0,0.0,0.0,34_10836,34,dark knight,10836,0
5.501879,0.0,0.0,34_300467,34,dark knight,300467,0
4.628026,0.0,0.0,34_71945,34,dark knight,71945,0
4.628026,0.0,0.0,34_30931,34,dark knight,30931,0
4.628026,0.0,0.0,34_46537,34,dark knight,46537,0
8.846428,0.0,0.0,34_52627,34,dark knight,52627,0
6.7825437,0.0,0.0,34_11056,34,dark knight,11056,0
6.7825437,0.0,0.0,34_257345,34,dark knight,257345,0
14.434526,1.0,0.0,35_497,35,the green mile,497,4
7.8889847,0.0,0.0,35_57537,35,the green mile,57537,0
9.461712,0.0,7.199715,35_252147,35,the green mile,252147,0
6.635992,0.0,0.0,35_117375,35,the green mile,117375,0
5.726468,0.0,4.8347297,35_22734,35,the green mile,22734,0
5.036209,0.0,4.9287605,35_8275,35,the green mile,8275,0
7.8889847,0.0,5.1282396,35_65,35,the green mile,65,0
7.8889847,0.0,0.0,35_24739,35,the green mile,24739,0
7.8889847,0.0,0.0,35_31005,35,the green mile,31005,0
0.0,0.0,9.049725,35_61988,35,the green mile,61988,0
0.0,0.0,7.2578826,35_9285,35,the green mile,9285,0
0.0,0.0,7.055805,35_165534,35,the green mile,165534,0
0.0,0.0,5.9745555,35_13794,35,the green mile,13794,0
0.0,0.0,6.348747,35_86084,35,the green mile,86084,0
0.0,0.0,0.0,35_250666,35,the green mile,250666,0
0.0,0.0,5.642018,35_28323,35,the green mile,28323,0
0.0,0.0,0.0,35_251260,35,the green mile,251260,0
0.0,0.0,6.1935835,35_267188,35,the green mile,267188,0
4.7512875,0.0,6.864121,35_71864,35,the green mile,71864,0
3.3668947,0.0,8.062665,35_30584,35,the green mile,30584,0
0.0,0.0,0.0,35_250503,35,the green mile,250503,0
0.0,0.0,0.0,35_7443,35,the green mile,7443,0
0.0,0.0,0.0,35_9982,35,the green mile,9982,0
0.0,0.0,0.0,35_13343,35,the green mile,13343,0
0.0,0.0,0.0,35_78206,35,the green mile,78206,0
0.0,0.0,0.0,35_10139,35,the green mile,10139,0
6.5455413,0.0,6.680668,35_40974,35,the green mile,40974,0
8.069138,0.0,0.0,35_79475,35,the green mile,79475,0
4.1785746,0.0,0.0,35_55197,35,the green mile,55197,0
6.5455413,0.0,0.0,35_22972,35,the green mile,22972,0
6.5455413,0.0,5.8244996,35_337556,35,the green mile,337556,0
6.5455413,0.0,0.0,35_313922,35,the green mile,313922,0
0.0,0.0,0.0,35_5876,35,the green mile,5876,0
0.0,0.0,0.0,35_12471,35,the green mile,12471,0
0.0,0.0,0.0,35_248212,35,the green mile,248212,0
0.0,0.0,0.0,35_250769,35,the green mile,250769,0
0.0,0.0,0.0,36_482,36,forrest gump,482,0
0.0,0.0,0.0,36_479,36,forrest gump,479,0
0.0,0.0,0.0,36_11492,36,forrest gump,11492,0
0.0,0.0,0.0,36_494,36,forrest gump,494,0
0.0,0.0,0.0,36_493,36,forrest gump,493,0
20.159336,1.0,14.42645,36_13,36,forrest gump,13,4
0.0,0.0,0.0,36_26686,36,forrest gump,26686,0
0.0,0.0,0.0,36_13155,36,forrest gump,13155,0
0.0,0.0,0.0,36_43688,36,forrest gump,43688,0
0.0,0.0,0.0,36_33034,36,forrest gump,33034,0
0.0,0.0,0.0,36_9614,36,forrest gump,9614,0
0.0,0.0,0.0,36_125842,36,forrest gump,125842,0
0.0,0.0,0.0,36_427760,36,forrest gump,427760,0
0.0,0.0,0.0,36_4247,36,forrest gump,4247,0
0.0,0.0,0.0,36_30335,36,forrest gump,30335,0
0.0,0.0,0.0,36_73262,36,forrest gump,73262,0
0.0,0.0,0.0,36_17960,36,forrest gump,17960,0
0.0,0.0,0.0,36_33068,36,forrest gump,33068,0
0.0,0.0,0.0,36_28377,36,forrest gump,28377,0
0.0,0.0,0.0,36_13300,36,forrest gump,13300,0
0.0,0.0,0.0,36_49874,36,forrest gump,49874,0
0.0,0.0,0.0,36_290739,36,forrest gump,290739,0
0.0,0.0,0.0,36_284793,36,forrest gump,284793,0
0.0,0.0,0.0,36_57811,36,forrest gump,57811,0
0.0,0.0,0.0,36_31048,36,forrest gump,31048,0
0.0,0.0,0.0,36_46689,36,forrest gump,46689,0
0.0,0.0,0.0,36_73952,36,forrest gump,73952,0
0.0,0.0,0.0,36_97514,36,forrest gump,97514,0
0.0,0.0,0.0,36_29717,36,forrest gump,29717,0
0.0,0.0,0.0,36_126141,36,forrest gump,126141,0
0.0,0.0,0.0,36_183111,36,forrest gump,183111,0
13.933893,1.0,0.0,37_744,37,top gun,744,4
7.4964705,0.0,0.0,37_284296,37,top gun,284296,0
7.4964705,0.0,0.0,37_8764,37,top gun,8764,0
7.4964705,0.0,0.0,37_1825,37,top gun,1825,0
7.4964705,0.0,3.7999735,37_14629,37,top gun,14629,0
0.0,0.0,11.772787,37_9595,37,top gun,9595,1
0.0,0.0,0.0,37_9255,37,top gun,9255,0
7.935852,0.0,0.0,37_270005,37,top gun,270005,0
6.4374228,0.0,5.678286,37_10911,37,top gun,10911,0
6.4374228,0.0,0.0,37_1619,37,top gun,1619,0
6.4374228,0.0,0.0,37_11967,37,top gun,11967,0
0.0,0.0,0.0,37_11302,37,top gun,11302,0
0.0,0.0,0.0,37_36325,37,top gun,36325,0
0.0,0.0,0.0,37_54551,37,top gun,54551,0
0.0,0.0,0.0,37_11340,37,top gun,11340,0
7.4964705,0.0,0.0,37_91456,37,top gun,91456,0
0.0,0.0,0.0,37_151960,37,top gun,151960,0
0.0,0.0,0.0,37_326,37,top gun,326,0
0.0,0.0,0.0,37_12657,37,top gun,12657,0
0.0,0.0,0.0,37_286875,37,top gun,286875,0
0.0,0.0,0.0,37_2609,37,top gun,2609,0
0.0,0.0,0.0,37_18300,37,top gun,18300,0
0.0,0.0,0.0,37_53906,37,top gun,53906,1
0.0,0.0,0.0,37_9359,37,top gun,9359,0
0.0,0.0,0.0,37_82684,37,top gun,82684,0
0.0,0.0,0.0,37_82866,37,top gun,82866,0
0.0,0.0,0.0,37_105795,37,top gun,105795,0
0.0,0.0,0.0,37_191600,37,top gun,191600,0
0.0,0.0,0.0,37_11597,37,top gun,11597,0
0.0,0.0,0.0,37_23805,37,top gun,23805,0
0.0,0.0,0.0,37_56648,37,top gun,56648,0
0.0,0.0,0.0,37_862,37,top gun,862,0
0.0,0.0,0.0,37_13927,37,top gun,13927,0
0.0,0.0,0.0,37_10750,37,top gun,10750,0
7.4964705,0.0,0.0,37_3080,37,top gun,3080,0
7.4964705,0.0,0.0,37_9337,37,top gun,9337,0
17.98862,1.0,7.62917,38_10191,38,how to train your dragon,10191,4
15.820302,1.0,18.026808,38_82702,38,how to train your dragon,82702,3
7.4486933,0.0,0.0,38_70057,38,how to train your dragon,70057,0
7.4486933,0.0,0.0,38_45054,38,how to train your dragon,45054,0
6.0422482,0.0,0.0,38_9461,38,how to train your dragon,9461,0
6.0422482,0.0,0.0,38_9462,38,how to train your dragon,9462,0
6.0422482,0.0,5.3653507,38_11114,38,how to train your dragon,11114,1
8.191718,0.0,5.198332,38_3482,38,how to train your dragon,3482,0
8.191718,0.0,6.5410385,38_22007,38,how to train your dragon,22007,0
6.6449766,0.0,4.388582,38_845,38,how to train your dragon,845,0
6.6449766,0.0,4.612954,38_396535,38,how to train your dragon,396535,0
6.6449766,0.0,0.0,38_11305,38,how to train your dragon,11305,0
5.859084,0.0,0.0,38_372058,38,how to train your dragon,372058,0
5.859084,0.0,0.0,38_226448,38,how to train your dragon,226448,0
5.859084,0.0,0.0,38_38319,38,how to train your dragon,38319,0
5.859084,0.0,0.0,38_47046,38,how to train your dragon,47046,0
5.859084,0.0,0.0,38_14799,38,how to train your dragon,14799,0
0.0,0.0,0.0,38_41275,38,how to train your dragon,41275,0
0.0,0.0,0.0,38_37455,38,how to train your dragon,37455,0
0.0,0.0,0.0,38_762,38,how to train your dragon,762,0
0.0,0.0,0.0,38_282268,38,how to train your dragon,282268,0
0.0,0.0,0.0,38_56171,38,how to train your dragon,56171,0
0.0,0.0,6.9016438,38_57158,38,how to train your dragon,57158,0
7.6868696,0.0,0.0,38_19713,38,how to train your dragon,19713,0
6.235452,0.0,0.0,38_8386,38,how to train your dragon,8386,0
6.235452,0.0,3.8650897,38_259694,38,how to train your dragon,259694,0
6.235452,0.0,0.0,38_17403,38,how to train your dragon,17403,0
6.235452,0.0,0.0,38_213417,38,how to train your dragon,213417,0
5.245087,0.0,3.4167638,38_65992,38,how to train your dragon,65992,0
8.7792,0.0,0.0,38_2049,38,how to train your dragon,2049,0
8.7792,0.0,0.0,38_26685,38,how to train your dragon,26685,0
5.245087,0.0,0.0,38_88274,38,how to train your dragon,88274,0
5.245087,0.0,0.0,38_28871,38,how to train your dragon,28871,0
0.0,0.0,0.0,38_18120,38,how to train your dragon,18120,0
6.6449766,0.0,6.3733363,38_281908,38,how to train your dragon,281908,0
0.0,0.0,0.0,38_40860,38,how to train your dragon,40860,0
18.81154,1.0,18.026808,39_82702,39,how to train your dragon 2,82702,4
17.98862,0.0,7.62917,39_10191,39,how to train your dragon 2,10191,3
7.4486933,0.0,0.0,39_70057,39,how to train your dragon 2,70057,0
7.4486933,0.0,0.0,39_45054,39,how to train your dragon 2,45054,0
6.0422482,0.0,0.0,39_9461,39,how to train your dragon 2,9461,0
6.0422482,0.0,0.0,39_9462,39,how to train your dragon 2,9462,0
6.0422482,0.0,5.3653507,39_11114,39,how to train your dragon 2,11114,1
0.0,0.0,0.0,39_211672,39,how to train your dragon 2,211672,1
0.0,0.0,0.0,39_51831,39,how to train your dragon 2,51831,0
0.0,0.0,0.0,39_229407,39,how to train your dragon 2,229407,0
0.0,0.0,0.0,39_54551,39,how to train your dragon 2,54551,0
0.0,0.0,0.0,39_54559,39,how to train your dragon 2,54559,0
0.0,0.0,0.0,39_11,39,how to train your dragon 2,11,0
0.0,0.0,0.0,39_140607,39,how to train your dragon 2,140607,0
0.0,0.0,0.0,39_12180,39,how to train your dragon 2,12180,0
0.0,0.0,0.0,39_330459,39,how to train your dragon 2,330459,0
0.0,0.0,0.0,39_1895,39,how to train your dragon 2,1895,0
0.0,0.0,0.0,39_155,39,how to train your dragon 2,155,0
0.0,0.0,0.0,39_72003,39,how to train your dragon 2,72003,0
0.0,0.0,0.0,39_49026,39,how to train your dragon 2,49026,0
0.0,0.0,3.2784796,39_29751,39,how to train your dragon 2,29751,0
0.0,0.0,0.0,39_123025,39,how to train your dragon 2,123025,0
6.6449766,0.0,6.3733363,39_281908,39,how to train your dragon 2,281908,0
0.0,0.0,0.0,39_18120,39,how to train your dragon 2,18120,0
4.928497,0.0,0.0,39_1912,39,how to train your dragon 2,1912,0
8.7792,0.0,0.0,39_2049,39,how to train your dragon 2,2049,0
8.7792,0.0,0.0,39_26685,39,how to train your dragon 2,26685,0
0.0,0.0,4.7299857,39_33436,39,how to train your dragon 2,33436,0
0.0,0.0,0.0,39_40222,39,how to train your dragon 2,40222,0
4.385956,0.0,6.250797,39_17031,39,how to train your dragon 2,17031,0
2.991239,0.0,0.0,39_291805,39,how to train your dragon 2,291805,0
8.191718,0.0,5.198332,39_3482,39,how to train your dragon 2,3482,0
11.387287,1.0,0.0,40_11,40,star wars,11,4
8.2658205,1.0,0.0,40_140607,40,star wars,140607,3
10.194733,1.0,6.8944135,40_12180,40,star wars,12180,2
7.2694716,1.0,4.237955,40_330459,40,star wars,330459,3
6.487482,1.0,2.062405,40_1895,40,star wars,1895,2
0.0,0.0,2.4547963,40_1892,40,star wars,1892,3
0.0,0.0,0.0,40_1891,40,star wars,1891,3
7.2726,0.0,0.0,40_85783,40,star wars,85783,0
7.2726,0.0,0.0,40_52959,40,star wars,52959,0
5.8994045,0.0,0.0,40_13475,40,star wars,13475,1
5.8994045,0.0,0.0,40_209276,40,star wars,209276,0
0.0,0.0,6.868508,40_81899,40,star wars,81899,0
4.962413,0.0,2.2779262,40_54138,40,star wars,54138,0
4.962413,0.0,0.0,40_188927,40,star wars,188927,0
4.962413,0.0,0.0,40_200,40,star wars,200,0
0.0,0.0,0.0,40_13685,40,star wars,13685,0
0.0,0.0,0.0,40_10207,40,star wars,10207,0
0.0,0.0,0.0,40_13996,40,star wars,13996,0
0.0,0.0,0.0,40_174314,40,star wars,174314,0
0.0,0.0,0.0,40_126148,40,star wars,126148,0
0.0,0.0,3.276606,40_325553,40,star wars,325553,1
0.0,0.0,0.0,40_69315,40,star wars,69315,0
0.0,0.0,0.0,40_105077,40,star wars,105077,0
0.0,0.0,0.0,40_66588,40,star wars,66588,0
0.0,0.0,0.0,40_130745,40,star wars,130745,0
0.0,0.0,0.0,40_37079,40,star wars,37079,0
0.0,0.0,0.0,40_126757,40,star wars,126757,0
0.0,0.0,0.0,40_39797,40,star wars,39797,0
0.0,0.0,0.0,40_18112,40,star wars,18112,0
0.0,0.0,0.0,40_43052,40,star wars,43052,0
